1.,Mozzarella s pečivom,
,5 min,
,Postup prípravy:,
,"Paradajky umyte a nakrájajte na požadované kúsky. Mozzarellu natrhajte a pokiaľ recept uvádza, pokvapkajte olejom.",
,Konzumujte s pečivom. Môžete posypať podľa chuti bylinkami.,
,,
,INGREDIENCIE,
,2 krajec chlieb celozrnný (100 g) ,
,1⁄2 ks mozzarella (62.5 g),
,10 ks cherry paradajky (120 g),
,Ďalšie ingrediencie:,
,"bazalka, byinková soľ (ak na prísady nie ste alergická)",
,,
,,
,,
2.,Cestoviny s kyslou kapustou,
,20 min,
,Postup prípravy :,
,Cestoviny dajte variť podľa návodu na obale. Medzitým si v hlbokej panvici zahrejte olej/masť a pridajte najemno,
,"nakrájanú cibuľu. Keď je jemne opražená, pridajte na konci nakrájanú šunku. Kapustu ochutnajte, ak je príliš kyslá,",
,môžete ju prepláchnuť studenou vodou. Posekajte ju a pridajte do panvice. Kapustu podlejte trochou vody z vriacich,
,"cestovín a duste toľko, aby bola mäkká, ale stále chrumkavá (nie dlhšie ako 5-6 minút). Uvarené cestoviny",
,"premiestnite priamo z hrnca ku kapuste. Dochuťte čiernym mletým korením, majoránom a štipkou soli.",
,,
,INGREDIENCIE,
,50 g kukuričné cestoviny napr. Marianna (neuvarené),
,5 x plátok hydinová šunka (100 g),
,1 PL olivový olej (12 g),
,165 g kvasená/kyslá kapusta,
,1⁄2 x stredne veľká cibuľa (37.5 g),
,Ďalšie ingrediencie:,
,"soľ, čierne mleté korenie, majorán (ak na prísady nie ste alergická)",
,,
,,
,,
3.,Avokádové cestoviny,
,15 min,
,Postup prípravy:,
,Uvarte cestoviny podľa návodu na obale. Avokádo rozmixujte. Pridajte k nemu nakrájané sušené paradajky (olej z,
,"nich vylejte). Prilejte po lyžičkách vodu, podľa požadovanej konzistencie. Pastu vylejte na uvarenú porciu cestovín a",
,"pridajte tuniaka. Ak máte uvedené, posypte nasucho opraženým sezamom.",
,,
,INGREDIENCIE,
,50 g kukuričné cestoviny napr. Marianna (neuvarené),
,1⁄2 ks avokádo (97.5 g),
,1 a 1⁄2 x malá konzerva tuniak vo vlastnej šťave (84 g),
,15 g sušené paradajky v oleji,
,,
,,
,,
4.,Cestoviny s hubovou omáčkou,
,20 min,
,Potup prípravy:,
,Cestoviny uvarte podľa návodu na obale. Medzitým si nakrájajte huby na menšie kúsky. Na panvici si zohrejte,
,"smotanu a pridajte prelisovaný cesnak. Osoľte, okoreňte, prípadne podľa chuti pridajte sójovú omáčku. Následne",
,"pridajte nakrájané huby a varte na miernom plameni približne 10 minút. Pokiaľ máte k dispozícii, do omáčky pridajte",
,"aj hubový prášok, ktorý zintenzívni hubovú chuť. Omáčku zmiešajte s porciou cestovín a navrch dajte cottage cheese.",
,,
,INGREDIENCIE,
,45 g kukuričné cestoviny napr. Marianna (neuvarené),
,6 PL smotana 12 % (72 g),
,1⁄2 x balenie cottage cheese (90 g),
,150 g pečiarka poľná/šampiňóny,
,1 a 1⁄2 strúčik cesnak (4.5 g),
,Ďalšie ingrediencie:,
,"soľ, čierne mleté korenie, sójová omáčka, hubový prášok (ak na prísady nie ste alergická)",
,,
,,
,,
5.,"Šalát (rukola, paradajka) s mäsom",
,15 min,
,Postup prípravy:,
,"Mäso umyte, nakrájajte na malé kúsky, osoľte, okoreňte a jemne osmahnite na panvici do mäkka. Dajte do misky",
,"spolu so zeleninou, pokvapkajte balzamikom a kvalitným olejom alebo posypaný ľanovými semienkami, orechami",
,"(podľa toho, ako uvádza recept). Pokiaľ je v recepte uvedené, konzumujte spolu s cícerom alebo pečivom.",
,,
,INGREDIENCIE,
,1 a 1⁄2 krajec chlieb celozrnný (75 g) ,
,130 g kuracie prsia bez kostí,
,3 ks rajčiny (225 g),
,6 ks mandle (6 g),
,3 x miska rukola (51 g),
,Ďalšie ingrediencie:,
,"balzamiko - podľa chuti, zeleninová soľ, bylinky (ak na prísady nie ste alergická)",
,,
,,
,,
6.,„Rizoto“ z červenej šošovice,
,20 min,
,Postup prípravy:,
,"Do vody si dajte variť červenú šošovicu spolu s obilninou (ak máte v recepte uvedenú). Keď začne voda vrieť, plameň",
,stiahnite a na miernom ohni varte približne 10 minút. Medzitým si na oleji na panvici opražte fazuľky a podlejte,
,"približne 0,5 dcl vody. Nechajte chvíľu variť (5 - 10 minút). Keď sa voda vyparí, pridajte uvarenú a",
,"prepláchnutú šošovicovú zmes, všetko zmiešajte, osoľte a okoreňte podľa chuti (zeleninová soľ, provensálske korenie",
,"alebo kurkuma). Zmes dajte do misky, pridajte cottage cheese, krevety, tofu alebo mäso (podľa toho ako uvádza",
,recept).,
,,
,INGREDIENCIE,
,65 g šošovica červená,
,80 g kuracie prsia bez kostí,
,80 g fazuľky edamame,
,1 a 1⁄2 ČL olivový olej (7.5 g),
,Ďalšie ingrediencie:,
,"soľ, čierne mleté korenie, provensálske bylinky, kurkuma (ak na prísady nie ste alergická)",
,,
,,
,,
7.,Tortilla s mäsom,
,20 min,
,Postup prípravy:,
,Čerstvé mäso očistite a nakrájajte na kúsky. Osoľte a opečte na panvici s trochou oleja (masti). Zatiaľ si nakrájajte,
,zeleninu na malé kocky a zo zvyšného oleja (masti) a byliniek (podľa vašich preferencií) urobte dressing. Tortillu,
,"naplňte zeleninou, hotovým mäsom, polejte dressingom a zaviňte. Tortillu plnenú mäsom si pokojne môžete dať aj v",
,"reštaurácii alebo v zariadení rýchleho občerstvenia, vyhýbajte sa však majonézovým a ťažkým smotanovým",
,dressingom.,
,,
,INGREDIENCIE,
,5 kus tortilla kukuričná (priemer - 15cm) (75 g),
,165 g morčacie prsia bez kostí,
,1 a 1⁄2 ČL olivový olej (7.5 g),
,1⁄2 ks rajčiny/paradajky (37.5 g),
,1⁄2 miska objem (300 ml) ľadový šalát (40 g),
,Ďalšie ingrediencie:,
,"bylinky, štipka soli (ak na prísady nie ste alergická)",
,,
,,
,,
8.,Zemiaky na kyslo,
,40 min,
,Postup prípravy:,
,"Zemiaky umyte, uvarte v šupe približne 30 minút (závisí od veľkosti zemiakov) a následne pokrájajte na menšie",
,kúsky. Zľahka primiešajte pokrájanú kyslú kapustu. Na vrch dajte cottage cheese zmiešaný s kyslou smotanou a,
,opečenou šunkou. Tú si nakrájajte na menšie kúsky a asi 5 minút sprudka na panvici opečte.,
,,
,INGREDIENCIE,
,1 balenie cottage cheese biely (180 g),
,"7 x plátok priemer 14,5 cm morčacia šunka (126 g)",
,1 a 1⁄2 x stredný kus zemiaky neskoré (135 g),
,2 PL smotana kyslá pochúťková napr. Rajo (24 g),
,100 g kvasená/kyslá kapusta,
,,
,,
,,
9.,Špenátové špagety so syrom,
,20 min.,
,Postup prípravy:,
,Cestoviny (ideálne špagety) uvarte podľa návodu. 1 minútu pred dovarením vložte do vody so špagetami špenátové,
,"listy a prikryte pokrievkou. Spolu zlejte od prebytočnej vody. Do hotových, ešte teplých špagiet pridajte syr a",
,"nakrájané sušené paradajky. Prikvapkajte olej, ak ho máte v recepte uvedený.",
,,
,INGREDIENCIE,
,70 g kukuričné cestoviny napr. Marianna (neuvarené),
,1⁄2 ks mozzarella (62.5 g),
,165 g baby špenát,
,10 g sušené paradajky v oleji,
,,
,,
,,
10.,Cestoviny so zeleninou a tuniakom,
,20 min,
,Postup prípravy:,
,"Uvarte cestoviny podľa návodu na obale. Zeleninu pokrájajte na kocky, zjemnite jogurtom, pridajte semienka,",
,dosoľte. Primiešajte tuniaka zbaveného šťavy a zmiešajte s uvarenými cestovinami.,
,,
,INGREDIENCIE,
,55 g kukuričné cestoviny napr. Marianna (neuverené),
,3 x malá konzerva tuniak vo vlastnej šťave (168 g),
,4 PL grécky jogurt (80 g),
,2 ČL sezamové semená (6 g),
,1⁄2 ks rajčiny (37.5 g),
,Ďalšie ingrediencie:,
,štipka soli (ak na prísady nie ste alergická),
,,
,,
,,
11.,Cestovinový šalát s kuracími kúskami a mangom,
,25 min,
,Postup prípravy:,
,Cestoviny uvarte podľa návodu. Na oleji orestujte nadrobno nakrájané a okorenené kuracie prsia. V malej miske si,
,"pripravte tvarohovú zálievku. Zmiešajte mäkký tvaroh, soľ a korenie, môžete pridať aj sušenú alebo čerstvú bazalku.",
,Cestoviny so zálievkou poriadne premiešajte a dajte vychladiť do chladničky na 10 minút. Následne pridajte,
,osmahnuté kuracie kúsky a na kocky nakrájané mango.,
,,
,INGREDIENCIE,
,60 g kukuričné cestoviny napr. Marianna (neuvarené),
,1 PL olivový olej (12 g),
,55 g kuracie prsia bez kostí,
,2 PL tvaroh tučný jemný napr. Bio-Quark (34 g),
,70 g mango,
,Ďalšie ingrediencie:,
,"soľ, čierne mleté korenie, bazalka, grilovacie korenie (ak na prísady nie ste alergická)",
,,
,,
,,
12.,Bravčová panenka so zemiakmi,
,25 min.,
,Postup prípravy:,
,"Pripravte si alobal. Panenku umyte a položte ju na alobal. Z každej strany osoľte a okoreňte, jemne pokvapkajte",
,olejom a celú panenku zabaľte. Dajte ju na plech. Rúru si predhrejte na 230 stupňov. Na plech uložte aj umyté cherry,
,"paradajky. Celý takýto plech vložte do rúry a pečte 12 - 15 minút, podľa toho, ako veľmi chcete mať panenku",
,"opečenú (ak máte radi viac surovú, pečte 12 minút, v prípade, že máte radi panenku viac prepečenú pečte ju dlhšie,",
,"v prípade hrubšieho kusu mäsa ju po 15-tich minútach skontrolujte). Zemiaky poriadne umyte, v šupe nakrájajte na",
,menšie kocky a dajte do osolenej vriacej vody variť tiež na približne 15 minút.,
,,
,INGREDIENCIE,
,155 g bravčová panenská sviečkovica,
,2 a 1⁄2 x stredný kus zemiaky skoré (225 g),
,1 a 1⁄2 ČL olivový olej (7.5 g),
,4 ks cherry paradajky (48 g),
,Ďalšie ingrediencie:,
,"soľ, čierne mleté korenie, grilovacie korenie (ak na prísady nie ste alergická)",
,,
,,
,,
14.,Cestoviny s bryndzou,
,25 min.,
,Postup prípravy:,
,Cestoviny uvarte podľa návodu výrobcu. Medzitým si bryndzu vymiešajte s cottage cheese. Orestujte jarnú cibuľku,
,na oleji. Cestoviny premiešajte s bryndzou a navrch posypte orestovanou cibuľkou.,
,,
,INGREDIENCIE,
,70 g kukuričné cestoviny napr. Marianna (neuvarené),
,35 g bryndza plnotučná napr. Tami,
,1 ČL olivový olej (5 g),
,30 g cottage cheese,
,1 a 1⁄2 x kus (40 cm) jarná cibuľka (66 g),
,,
,,
,,
15.,Cestoviny s fazuľou a kešu,
,30 min.,
,Postup prípravy:,
,V slanej vode uvarte cestoviny. Kešu orechy jemne podrvte a opražte na panvici alebo v hrnci. Pridajte fazuľu aj s,
,"omáčkou. Pár minút povarte, okoreňte podľa chuti a zmes zmiešajte s cestovinami. Pokiaľ recept uvádza, na záver",
,pokvapkajte olivovým olejom a primiešajte syr.,
,,
,INGREDIENCIE,
,55 g kukuričné cestoviny napr. Marianna (neuvarené),
,100 g biela fazuľa v rajčinovej omáčke napr. Bonduelle,
,80 g cottage cheese,
,5 ks orechy kešu (7.5 g),
,1⁄2 ČL olivový olej extra panenský (lisovaný za studena) (2.5 g),
,Ďalšie ingrediencie:,
,"chilli, mletá sladká a štipľavá paprika, čierne korenie, oregano, bazalka (ak na prísady nie ste alergická)",
,,
,,
,,
16.,Cestoviny s mäsom,
,25 min.,
,Postup prípravy:,
,Cestoviny uvarte podľa návodu výrobcu. Medzitým si umyté mäso nakrájajte na menšie kocky a na panvici opečte na,
,"oleji spolu s nakrájaným cesnakom. Zmes osoľte, okoreňte čiernym mletým korením a podľa chuti oreganom. Čím",
,"menšie kocky si nakrájate, tým rýchlejšie bude mäso hotové. Uvarené cestoviny preceďte, zmiešajte s mäsom a",
,premiešajte s jogurtom.,
,,
,INGREDIENCIE,
,70 g kukuričné cestoviny napr. Marianna (neuvarené),
,115 g kuracie prsia bez kostí,
,1 a 1⁄2 ČL olivový olej (7.5 g),
,"2 a 1⁄2 PL jogurt biely (min. 3,5 % tuku) (50 g)",
,1 strúčik cesnak (3 g),
,Ďalšie ingrediencie:,
,"soľ, čierne mleté korenie, oregano (ak na prísady nie ste alergická)",
,,
,,
,,
17.,Cestoviny s boloňskou omáčkou,prekontrolovat pri prepocitavani
,25 min.,
,Postup prípravy. ,
,Kukuričné cestoviny pripravte podľa návodu. Cibuľu ošúpte a nakrájajte nadrobno.,
,Dajte restovať na panvicu s olejom. Cesnak ošúpte a,
,prelisujte k jemne opraženej cibuli. Pridajte mleté mäso a,
,restujte približne 10 minút. Dochuťte štipkou soli a,
,mletým čiernym korením. Pridajte pretlak a podľa,
,potreby trochu vody. Duste ďalších 10 minút. Pridajte,
,"podľa chuti bylinky (bazalku, majoránku). Akonáhle je",
,"mäso mäkké, omáčka je hotová, podľa potreby",
,podlievajte vodou. Na záver posypte bylinkami a dochuťte ľubovoľným korením. ,
,,
,INGREDIENCIE,
,40 g kukuričné cestoviny napr. Marianna (neuvarené),
,1 strúčik cesnak (3 g),
,1x stredne veľká cibuľa (18.75 g),
,3 x PL paradajkový pretlak (84 g),
,100 g hovädzie mäso mleté,
,1 a 1⁄2 ČL olivový olej (7.5 g),
,Ďalšie ingrediencie:,
,"bylinky, korenie, zeleninová soľ, kari (ak na prísady nie ste alergická)",
,,
,,
,,
18.,Quinoa s chudým mäsom,
,25 min.,
,Postup prípravy:,
,Quinou uvarte vo vode podľa návodu. Medzitým si na panvici rozpáľte olej a opražte na ňom umyté a na menšie,
,"kúsky nakrájané mäso. Osoľte a okoreňte podľa chuti. Podlejte podľa potreby trochou vody, aby sa rýchlejšie udusilo.",
,"Pred dokončením pridajte mrazenú zeleninu a ešte krátko povarte. Keď je mäso a zelenina mäkká a voda je vyparená,",
,panvicu odstavte. Na uvarenú quinou navrstvite mäsovo-zeleninovú zmes a môžete dozdobiť bylinkami (podľa chuti).,
,,
,INGREDIENCIE,
,125 g kuracie prsia bez kostí,
,3 a 1⁄2 PL quinoa (35 g),
,1 PL olivový olej (12 g),
,"1 x miska 300 ml zeleninová zmes mrazená (kukurica, hrach, mrkva,karfiol) (155 g)",
,Ďalšie ingrediencie:,
,"soľ, čierne mleté korenie, oregano, bazalka (ak na prísady nie ste alergická)",
,,
,,
,,
19.,Ryba s prílohou,
,45 min.,
,Postup prípravy:,
,"Rybu umyte a osušte. Z každej strany
ju osoľte a okoreňte čiernym korením, prípadne korením na ryby. Vložte ju do zapekacej sklenenej misky (jenské
sklo). Rybu narežte a dovnútra vložte niekoľko plátkov citrónu, petržlenovej vňate, masla a tymiánu. Niekoľko
plátkov citrónu si nechajte aj na vrch a pridajte nakrájané plátky cesnaku. Okolo ryby poukladajte nakrájané zemiaky. Pečte vo vyhriatej rúre asi na 180
°C približne 30 min. ",
,,
,,
,,
,,
,,
,INGREDIENCIE,
,200 g pstruh atlantický,
,2 zemiaky (150 g),
,1 kus citróny (120 g),
,1 ČL olivový olej (5 g),
,1⁄2 strúčik cesnak (1.5 g),
,Ďalšie ingrediencie:,
,"petržlenová vňať, tymián, korenie (ak na prísady nie ste alergická)",
,,
,,
,,
20.,"Šalát (rukola, paradajka) s mäsom",
,15 min.,
,Postup prípravy:,
,"Mäso umyte, nakrájajte na malé kúsky, osoľte, okoreňte a jemne osmaže na panvici do mäkka. Dajte do misky spolu",
,"so zeleninou, pokvapkajte balzamikom a kvalitným olejom alebo posypte ľanovými semienkami, orechami (podľa",
,"toho, ako uvádza recept). Pokiaľ recept uvádza, konzumujte spolu s cícerom alebo pečivom.",
,,
,INGREDIENCIE,
,1 a 1⁄2 krajec chlieb celozrnný (75 g) ,
,145 g morčacie prsia bez kostí,
,3 ks rajčiny (225 g),
,4 ks mandle (4 g),
,3 x miska rukola (51 g),
,Ďalšie ingrediencie:,
,"balzamiko - podľa chuti, zeleninová soľ, bylinky (ak na prísady nie ste alergická)",
,,
,,
,,
21. ,Tekvicová nátierka s pečivom,
,20 min.,
,Postup prípravy :,
,"Rúru predhrejte na 180  ̊C. Tekvicu nakrájajte na kocky. Tekvicu dajte na plech, okoreňte, polejte olivovým olejom a",
,dajte zapiecť na 15 - 20 minút alebo kým nie je tekvica mäkká. Rozmixujte spolu s fazuľou do hladka. Fazuľu namočte,
,"pred varením na 12 hodín, opláchnite a následne varte približne hodinu, kým nie je mäkká. Pokiaľ použijete fazuľu z",
,"konzervy, nezabudnite ju predtým poriadne opláchnuť. Nakoniec ešte osoľte a ochuťte. Podávajte vychladené s",
,"pečivom a cottage cheese. Pokiaľ si želáte pripraviť nátierku na viac dní, množstvá jednotlivých ingrediencií",
,vynásobte počtom porcií.,
,,
,INGREDIENCIE,
,1 krajec chlieb celozrnný (50 g) ,
,50 g fazuľa biela napr. ALBERT BIO,
,1⁄2 x balenie cottage cheese biely napr. Rajo (90 g),
,125 x g tekvica Hokkaido,
,1 ČL olivový olej (5 g),
,Ďalšie ingrediencie:,
,"kari korenie, mletá rasca, chilli, (ak na prísady nie ste alergická)",
,,
,,
,,
22.,Paprikovo-paradajková nátierka s pečivom,
,60 min.,
,Postup prípravy:,
,Nátierku je praktickejšie si pripraviť vopred na viac porcií. Množstvá jednotlivých ingrediencií vynásobte počtom,
,porcií. Očistenú papriku vložte do mixéra s papričkami chilli a paradajkami a rozmixujte. Vylejte do hrnca. Dochuťte,
,"soľou, nasekaným cesnakom a trstinovým cukrom (ak uvádza recept). Varte na miernom ohni cca 2 hodiny, kým sa",
,"voda neodparí. Občas premiešajte. Nakoniec pridajte olivový olej a zamiešajte. Keď je zmes uvarená, naplňte malé",
,fľaštičky po okraj. Utrite vrch fľaštičiek a uzatvorte viečkom. Otočte hore dnom. Prikryte utierkou a nechajte,
,vychladnúť. Pridajte cottage cheese a podávajte s pečivom.,
,,
,INGREDIENCIE,
,1 a 1⁄2 krajec chlieb celozrnný (75 g) ,
,1 x balenie cottage cheese biely napr. Rajo (180 g),
,1 ČL olivový olej (5 g),
,1 a 1⁄2 ks paprika zeleninová (112.5 g),
,1 a 1⁄2 ks rajčiny (112.5 g),
,Ďalšie ingrediencie:,
,"chilli, soľ (ak na prísady nie ste alergická)",
,,
,,
,,
23. ,Šalát so syrom typu feta/ricota,
,10 min.,
,Postup prípravy:,
,"Zeleninu umyte a zmiešajte s ďalšími ingredienciami, ľubovoľne dochuťte bylinkami a konzumujte. Pokiaľ recept",
,"uvádza, konzumujte spolu s pečivom.",
,,
,INGREDIENCIE,
,75 g balkánsky syr napr. Madeta,
,7 x PL cícer v konzerve (140 g),
,1 a 1⁄2 x malá konzerva tuniak vo vlastnej šťave (84 g),
,1 miska objem (300 ml) ľadový šalát (80 g),
,Ďalšie ingrediencie:,
,"bylinky, korenie, zeleninová soľ, balzamiko - podľa chuti (ak na prísady nie ste alergická)",
,,
,,
,,
24. ,Jogurtový šalát s mäsom,
,15 min.,
,Postup prípravy:,
,"Mäso nakrájajte na rezance, posypte grilovacím korením a opečte na oleji. Osoľte až na konci, aby mäso zostalo",
,"šťavnaté. Hotové mäso zmiešajte s nakrájanou zeleninou zaliatou jogurtom. Ak je v recepte uvedený cícer, pridajte ho",
,"k šalátu Ak sú vám uhorky na večeru ""ťažké"", vynechajte ich z receptu a pridajte viac inej zeleniny, ideálne listovej.",
,,
,INGREDIENCIE,
,150 g morčacie prsia bez kostí,
,5 a 1⁄2 PL cícer varený (110 g),
,1 a 1⁄2 ks uhorky (450 g),
,3 a 1⁄2 PL jogurt biely živý napr. Tami (70 g),
,1 ČL olivový olej (5 g),
,Ďalšie ingrediencie:,
,"grilovacie korenie, bylinky, balzamiko - podľa chuti (ak na prísady nie ste alergická)",
,,
,,
,,
25.,Syr so zeleninou,
,10 min.,
,Postup prípravy:,
,Ľahké jedlo v podobe cottage cheese alebo mozzarelly spolu s pečivom (ak sa v recepte nachádza) a zeleninovou,
,"prílohou. Ak uvádza recept, pridajte šunku. Ľubovoľne dochuťte bylinkami, štipkou zeleninovej soli, prípadne",
,balzamika (podľa chuti).,
,,
,INGREDIENCIE,
,7 x PL cícer v konzerve (140 g),
,1⁄2 x balenie cottage cheese s pažitkou (100 g),
,3 a 1⁄2 x plátok bravčová šunka (59.5 g),
,2 ks rajčiny (150 g),
,Ďalšie ingrediencie:,
,"korenie, zeleninová soľ, bylinky, balzamiko, medvedí cesnak - natrhajte do syru (ak na prísady nie ste alergická)",
,,
,,
,,
26. ,Lososová nátierka s pečivom,
,15 min.,
,Postup prípravy:,
,"Lučinu/cottage cheese, lososa a kyslú smotanu (ak uvádza recept) vložte do mixéra a rozmixujte dohladka. Dochuťte",
,bielym korením a štipkou soli. Nakoniec pridajte červenú papriku a všetko spolu dôkladne zamiešajte. Pečivo môžete,
,opiecť z oboch strán na suchej panvici. Nátierku natrite na pečivo a podávajte so zeleninou. Pokiaľ si želáte pripraviť,
,"nátierku na viac dní, množstvá jednotlivých ingrediencií vynásobte počtom porcií.",
,,
,INGREDIENCIE,
,1 a 1⁄2 krajec chlieb celozrnný (75 g) ,
,125 x g cottage cheese,
,65 g losos pečený,
,2 ks paprika žltá (150 g),
,Ďalšie ingrediencie:,
,"biele mleté korenie, soľ, mletá červená paprika (ak na prísady nie ste alergická)",
,,
,,
,,
27.,Kuracie mäso so špenátom a mangom,
,40 min.,
,Postup prípravy:,
,"Kuracie prsia nekrájajte, len ich zľahka osoľte, okoreňte a potrite medom. Pečte vo vyhriatej rúre na papieri na",
,"pečenie asi 30 minút pri teplote 220 stupňov. Kým sa kuracie prsia pečú, pripravte si šalát. Zmiešajte špenátové listy",
,"spolu s nakrájaným mangom a jemne ho osoľte. Pokvapkajte olejom. Keď sú kuracie prsia upečené, nakrájajte ich na",
,malé kúsky a pridajte do šalátu. Na záver môžete pokvapkať citrónovou šťavou.,
,,
,INGREDIENCIE,
,165 g kuracie prsia bez kostí,
,2 ČL olivový olej (10 g),
,110 g mango,
,1 PL med (18 g),
,5 a 1⁄2 miska objem (300 ml) špenát (110 g),
,Ďalšie ingrediencie:,
,"soľ, čierne mleté korenie, citrónová šťava (ak na prísady nie ste alergická)",
,,
,,
,,
28.,Krémové cuketové rizoto,
,20 min.,
,Postup prípravy:,
,"Surovú ryžu osoľte, okoreňte a uvarte ju vo vode domäkka (kľudne vo väčšom množstve vody, následne ju",
,"preceďte). Keď je hotová, primiešajte do nej nastrúhanú mozzarellu (je dostupné ju kúpiť už nastrúhanú), umytú a",
,najemno nastrúhanú/nakrájanú cuketu. Na záver pridajte tuniaka. Môžete primiešať aj niektorú z voliteľných prísad,
,(ak recept ponúka). Rizoto podávajte teplé.,
,,
,INGREDIENCIE,
,1⁄2 ks mozzarella (62.5 g),
,45 g ryža lúpaná (neuvarená),
,2 x malá konzerva tuniak vo vlastnej šťave (112 g),
,"1 x kus (18 cm dĺžka, 13,5 cm obvod v strede) cukina (187 g)",
,Ďalšie ingrediencie:,
,"štipka morskej soli, mleté čierne korenie, cesnakové korenie (ak na prísady nie ste alergická)",
,,
,,
,,
29.,"Cottage cheese s pestom, zeleninou prípadne pečivom",
,5 min.,
,Postup prípravy:,
,Do cottage cheese vmiešajte pesto. Premiešaný cottage cheese s pestom rovnomerne naneste na pečivo (ak uvádza,
,recept). Konzumujte spolu s nakrájanou zeleninou. Pridajte ľubovoľné bylinky a koreniny.,
,,
,INGREDIENCIE,
,1 a 1⁄2 balenie cottage cheese biely (270 g),
,1 krajec chlieb celozrnný (50 g) ,
,1⁄2 ČL pesto bazalkové BIO (4.5 g),
,8 ks reďkovka (136 g),
,10 ks cherry paradajky (120 g),
,Ďalšie ingrediencie:,
,"bylinky (kurkuma, medvedí cesnak, bazalka), koreniny, pažítka (ak na prísady nie ste alergická)",
,,
,,
,,
30.,"Špargľový šalát s cottage cheesom, cícerom a avokádom",
,20 min.,
,Postup prípravy:,
,"Špargľu umyte a uložte na plech vystlaný papierom na pečenie. Pripravenú špargľu osoľte, okoreňte a pečte 15",
,"minút pri 170 stupňoch. Upečenú špargľu podávajte so šunkou, cottage cheesom, cícerom a avokádom nakrájaným",
,nadrobno.,
,,
,INGREDIENCIE,
,6 PL cícer varený (120 g),
,1⁄2 balenie cottage cheese biely (90 g),
,3 x plátok hydinová šunka (60 g),
,40 g avokádo,
,12 x kus (25 cm dĺžka) špargľa (252 g),
,Ďalšie ingrediencie:,
,"štipka morskej soli, mleté čierne korenie, cesnakové korenie (ak na prísady nie ste alergická)",
,,
,,
,,
31.,Quinoa s chudým mäsom,
,25 min.,
,Postup prípravy:,
,Quinou uvarte vo vode podľa návodu. Medzitým si na panvici rozpáľte olej a opražte na ňom umyté a na menšie,
,"kúsky nakrájané mäso. Osoľte a okoreňte podľa chuti. Podlejte podľa potreby trochou vody, aby sa rýchlejšie udusilo.",
,"Pred dokončením pridajte mrazenú zeleninu a ešte krátko povarte. Keď je mäso a zelenina mäkká a voda je vyparená,",
,panvicu odstavte. Na uvarenú quinou navrstvite mäsovo-zeleninovú zmes a môžete dozdobiť bylinkami (podľa chuti).,
,,
,INGREDIENCIE,
,135 g kuracie prsia bez kostí,
,3 PL quinoa (30 g),
,1 PL olivový olej (12 g),
,"155 g  zeleninová zmes mrazená (kukurica, hrach, mrkva, karfiol) ",
,Ďalšie ingrediencie:,
,"soľ, čierne mleté korenie, oregano, bazalka (ak na prísady nie ste alergická)",
,,
,,
,,
32. ,Zeleninové tagliatelle s krevetami,
,20 min.,
,Postup prípravy:,
,Ako prvé si dajte variť cestoviny podľa návodu na obale (ideálne druh tagliatelle). Mrkvu ošúpte. Spolu s cukinou,
,umyte a našúpte škrabkou na zemiak na tenké pásiky (ako cestoviny tagliatelle). Na panvicu dajte tuk a pridajte,
,"pripravenú zeleninu. Osoľte, okoreňte podľa chuti (môžete pridať aj mletú rascu, kurkumu). Opekajte približne 10",
,minút. Medzitým si krevety obarte vriacou vodou a sceďte. Pridajte k zelenine a opekajte spolu 5 minút. Na tanier,
,"dajte porciu cestovín a navrch navrstvite zeleninovo-krevetovú zmes, jemne premiešajte. Na záver môžete dozdobiť",
,"petržlenovou vňaťou, prípadne pokvapkať citrónovou šťavou.",
,,
,INGREDIENCIE,
,155 g krevety varené,
,40 g kukuričné cestoviny napr. Marianna (neuvarené),
,1 a 1⁄2 ČL živočíšne maslo (10.5 g),
,1 a 1⁄2 ks mrkva (127.5 g),
,1 x kus cukina (187 g),
,,
,,
,,
33. ,Hovädzí steak s grilovanou zeleninou,
,30 min.,
,Postup prípravy:,
,"Umytú, osušenú zeleninu nakrájajte na menšie kúsky. Zeleninu nasucho opečte na",
,"rozohriatej grilovacej panvici (podľa preferencií môžete druh zeleniny meniť, avšak snažte sa zachovať množstvo). V",
,druhej panvici rozohrejte polovicu olivového oleja a pridajte grilovanú zeleninu. Osoľte a okoreňte. Chvíľu restujte a,
,"preložte do misky. Mäso porcované na steaky osoľte, okoreňte a pokvapkajte zvyšným olivovým olejom. Grilujte na",
,"rozpálenej panvici z každej strany do zlatohneda. Potom mäso preložte na tanier, prikryte alobalom a nechajte",
,"odpočívať 3 - 4 minúty. Následne mäso konzumujte s pripravenou zeleninou. Ak uvádza recept, konzumujte aj so",
,zemiakmi.,
,,
,INGREDIENCIE,
,155 g hovädzia sviečkovica,
,1 a 1⁄2 stredný kus bataty - sladké zemiaky (135 g),
,1 ČL olivový olej (5 g),
,180 g baklažán,
,3 a 1⁄2 ks paprika červená (262.5 g),
,Ďalšie ingrediencie:,
,"soľ, korenie (ak na prísady nie ste alergická)",
,,
,,
,,
34.,Ryžové rezance s tekvicou hokaido,
Beata Trečerova,20 min.,
,Postup prípravy:,
,Cibuľu nakrájajte na drobné kúsky a opražte dosklovita na tuku. Po chvíli pridajte tekvicu nakrájanú na kocky a spolu,
,"opražte asi 5 minút. Pridajte asi 1 dcl vody a prikryjte pokrievkou, aby sa tekvica uvarila domäkka. Keď tekvica",
,"zmäkne, prilejte k nej kokosové mlieko a pridajte arašidové maslo. Omáčku môžete osoliť a okoreniť podľa chuti. Na",
,záver pridajte sójovú omáčku a odstavte z plameňa. Ryžové rezance dajte variť podľa návodu a odoberte si uvedené,
,množstvo v recepte. Rezance pridajte k omáčke a dôkladne premiešajte. Na záver pridajte cottage syr a môžete,
,pridať aj pár tekvicových semienok.,
,,
,INGREDIENCIE,
,90 g ryžové rezance varené,
,195 g tekvica Hokkaido,
,"1 dl kokosové mlieko (krém, smotana) so zníženým množstvom tuku (100 g)",
,1⁄2 x balenie cottage cheese biely napr. Rajo (90 g),
,1 a 1⁄2 ČL arašidové maslo (7.5 g),
,5 g tekvicové semená sušené,
,1⁄2 ČL olivový olej (2.5 g),
,1⁄2 x kus (40 cm) jarná cibuľka (22 g),
,1 PL sójová omáčka (11 g),
,Ďalšie ingrediencie:,
,"soľ, čierne mleté korenie (ak na prísady nie ste alergická)",
,,
,,
,,
35.,Avokádovo-kurací burger,
,15 min.,
,Postup prípravy:,
,"Avokádo nakrájajte na menšie kúsky. Do mixéra vložte pomleté hydinové mäso, kúsky avokáda, cesnak. Osoľte,",
,okoreňte a zľahka rozmixujte. Zmes vložte do misky a pridajte strúhanku. Zo zmesi vytvarujte placky a ugrilujte na,
,"olivovom oleji na rozohriatej grilovacej panvici cca 5 minút z každej strany. Mäso nachvíľu odložte, prikryte, aby",
,nevychladlo a na rovnakej panvici si opečte žemľu z vnútornej strany do chrumkava. Žemľu potrite kečupom.,
,"Navrstvite opražené mäso s avokádom, paradajku, kyslú uhorku, šalát a cibuľu.",
,,
,INGREDIENCIE,
,1 x kus žemľa viaczrnná hamburgerová (75 g),
,140 g kuracie prsia bez kostí,
,25 g panko strúhanka,
,2 a 1⁄2 x čajová lyžička avokádo (37.5 g),
,1 ČL olivový olej (5 g),
,2 a 1⁄2 (8 cm) ks uhorky zavárané kyslé (85 g),
,30 g cibuľa,
,1 ČL kečup (9 g),
,1⁄2 ks rajčiny/paradajky (37.5 g),
,1⁄2 strúčik cesnak (1.5 g),
,Ďalšie ingrediencie:,
,"štipka soli, mleté čierne korenie (ak na prísady nie ste alergická)",
,,
,,
,,
36.,Kelový prívarok,
,50 min.,
,Postup prípravy:,
,"Kel pokrájajte, zalejte primerane vodou, dochuťte soľou a rascou a nechajte variť. Zemiaky v šupke (ak sú v recepte",
,"uvedené) nakrájajte na kocky a pridajte ku kelu. Pred dovarením ku kelu pridajte soľ, podľa chuti mletú sladkú",
,"červenú papriku a múku (alebo škrob/hrašku, pokiaľ tak uvádza recept). Nechajte povariť, kým prívarok nezhustne.",
,"Medzitým si očistite a nakrájajte mäso. Na oleji (alebo masti, pokiaľ tak uvádza recept) opražte cesnak a pridajte",
,"kúsky mäsa. Dochuťte soľou, mletým čiernym korením, prípadne bylinkami. Potom podlejte mäso vodou a nechajte",
,"dusiť (môžete použiť aj vodu z prívarku, ak sa vám zdá redší). Takto pripravené mäso servirujte spolu s prívarkom a",
,chlebom (ak uvádza recept).,
,,
,INGREDIENCIE,
,120 g kuracie prsia bez kostí,
,320 g kel hlávkový,
,1 x krajec chlieb celozrnný pšeničný (ideálne kváskový) (50 g),
,1 PL repkový olej rafinovaný (12 g),
,1 x malý kus zemiaky skoré (60 g),
,1 a 1⁄2 PL bezlepková hraška napr. Ceria (13.5 g),
,1 strúčik cesnak (3 g),
,Ďalšie ingrediencie:,
,"soľ, korenie, bylinky, mletá červená paprika sladká (ak na prísady nie ste alergická)",
,,
,,
,,
37.,Šampiňónové rizoto,
,20 min.,
,Postup prípravy:,
,"Ryžu uvarte v osolenej vode domäkka. Šampiňóny očistite, nakrájajte na plátky a orestujte na oleji. K šampiňónom",
,"pridajte nakrájaný pór, najemno nastrúhanú mrkvu, hrášok a poduste. Zmiešajte s ryžou a pridajte korenie (podľa",
,"chuti). Posypte syrom, ak ho máte v recepte uvedený.",
,,
,INGREDIENCIE,
,70 g indiánska ryža (nevarená) napr. LAGRIS,
,"85 g tvrdý syr 20 %, napr. Madeland",
,1 a 1⁄2 ČL olivový olej (7.5 g),
,60 g hrášok,
,100 g pečiarka poľná/šampiňóny,
,"1 x (10cm dĺžka, 10 cm obvod) pór (69 g)",
,1⁄2 ks mrkva (42.5 g),
,Ďalšie ingrediencie:,
,"štipka soli, korenie (ak na prísady nie ste alergická)",
,,
,,
,,
38.,Cestovinový šalát s kuracími kúskami a mangom,
,25 min.,
,Postup prípravy:,
,Cestoviny uvarte podľa návodu. Na oleji orestujte nadrobno nakrájané a okorenené kuracie prsia. V malej miske si,
,"pripravte tvarohovú zálievku. Zmiešajte mäkký tvaroh, soľ a korenie, môžete pridať aj sušenú alebo čerstvú bazalku.",
,Cestoviny so zálievkou poriadne premiešajte a dajte vychladiť do chladničky na 10 minút. Následne pridajte,
,osmahnuté kuracie kúsky a na kocky nakrájané mango.,
,,
,INGREDIENCIE,
,80 g cestoviny šošovicové (z červenej šošovice),
,85 g kuracie prsia bez kostí,
,1 PL olivový olej (12 g),
,2 a 1⁄2 PL tvaroh tučný jemný napr. Bio-Quark (42.5 g),
,95 g mango,
,Ďalšie ingrediencie:,
,"soľ, čierne mleté korenie, bazalka, grilovacie korenie (ak na prísady nie ste alergická)",
,,
,,
,,
39.,Francúzske zemiaky,
,60 min.,
,Postup prípravy:,
,"Zemiaky najskôr uvarte v šupke, potom očistite a nakrájajte na tenké plátky. Na dno pekáča natrite olej. Dajte prvú",
,"vrstvu zemiakov. Na ne trochu soli a čierneho korenia. Na to ukladajte vrstvu natvrdo uvarených vajec (bielkov),",
,nakrájaných na tenké plátky. Pridajte plátky syra alebo strúhaný syr. Následne na vrch naukladajte kolieska salámy.,
,"Zalejte smotanovou zmesou, ktorú pripravíte z kyslej smotany a šľahačkovej smotany, trochou korenia a soli. Vrstvy",
,opakujte. Zakryte alobalom a dajte do rúry na 45 - 60 minút. Po ukončení ich popečte ešte asi 15 minút bez,
,alobalu.,
,,
,INGREDIENCIE,
,4 x väčšia naberačka zemiaky neskoré (240 g),
,25 g parmezán,
,1 x plátok (9×9 cm) syr eidam 30 % tuku napr. BLUEDINO LIDL (22 g),
,1⁄2 PL repkový olej rafinovaný (6 g),
,2 x veľkosť M slepačí bielok (74 g),
,1 x plátok hydinová šunka (20 g),
,1⁄2 PL smotana 33 % (šľahačka) (6 g),
,2 a 1⁄2 (8 cm) ks uhorky zavárané kyslé (85 g),
,1⁄2 PL smotana kyslá pochúťková napr. Rajo (6 g),
,Ďalšie ingrediencie:,
,"štipka soli, čierne korenie (ak na prísady nie ste alergická)",
,,
,,
,,
40.,Granadír,
,30 min.,
,Postup prípravy:,
,Cestoviny uvarte podľa návodu. Zemiaky nakrájajte na kocky a uvarte v osolenej vode. Medzitým si na masle alebo,
,oleji (podľa toho ako uvádza recept) speňte nakrájanú cibuľu. Potom pridajte nakrájané kúsky mäsa alebo tofu (podľa,
,"toho ako uvádza recept) a pridajte sladkú mletú červenú papriku. Podľa potreby poduste, ochuťte bylinkami",
,prípadne soľou a pridajte uvarené cestoviny so zemiakmi. Ako prílohu servírujte uvedenú sterilizovanú zeleninu.,
,,
,INGREDIENCIE,
,70 g cestoviny grahamové (neuvarené),
,145 g kuracie prsia bez kostí,
,1 PL olivový olej (12 g),
,1 x malý kus zemiaky skoré (60 g),
,2 a 1⁄2 (8 cm) ks uhorky zavárané kyslé (85 g),
,1 x kus (40 cm) jarná cibuľka (44 g),
,Ďalšie ingrediencie:,
,"bylinky, mletá červená paprika sladká (ak na prísady nie ste alergická)",
,,
,,
,,
41.,Kuracie mäso na marináde s prílohou,
,40 min.,
,Postup prípravy:,
,Kuracie mäso nakrájajte na rezance a premiešajte s marinádou. Do druhého dňa nechajte odležať v chladničke. Mäso,
,"naložené v marináde opečte na panvici a položte naň plátky syra. Konzumujte, podávajte s prílohou, ktorú máte",
,odporučenú v recepte.,
,,
,Postup prípravy marinády:,
,"Pridajte grilovacie korenie, štipku soli a čierne korenie s bylinkami podľa chuti.",
,,
,INGREDIENCIE,
,3 a 1⁄2 x väčšia naberačka tarhoňa (varená) (210 g),
,110 g kuracie prsia bez kostí,
,2 x plátok (9×9 cm) eidam hranol údený napr. Liptov (44 g),
,1⁄2 x porcia Marináda na mäso - kuracie prsia (47 g) ,
,,
,INGREDIENCIE MARINÁDA,
,2 PL sójová omáčka napr. Tao Tao (22 g),
,1 PL kukuričný škrob (9 g),
,1⁄2 PL bravčová masť (15 g),
,2 a 1⁄2 ČL kečup (22.5 g),
,3 strúčik cesnak (9 g),
,Ďalšie ingrediencie:,
,"korenie, bylinky (ak na prísady nie ste alergická)",
,,
,,
,,
42.,Zapekaná strukovinová zmes,
,60 min.,
,Postup prípravy:,
,Uvarenú strukovinu a uvarené krúpy alebo vločky zmiešajte so všetkými prísadami a nastrúhanou mrkvou. Dajte,
,"zapiecť do rúry a pár minút pred koncom posypte syrom, aby sa roztopil. Podávajte s kyslou kapustou alebo s",
,paradajkami.,
,,
,INGREDIENCIE,
,60 g šošovica,
,1 PL olivový olej (12 g),
,2 a 1⁄2 PL ovsené vločky (27.5 g),
,25 g hrach,
,"40 g tvrdý syr 20 %, napr. Madeland",
,1⁄2 x stredne veľká cibuľa (37.5 g),
,1⁄2 ks mrkva (42.5 g),
,45 g kvasená/kyslá kapusta,
,1 strúčik cesnak (3 g),
,Ďalšie ingrediencie: ,
,"majorán, bylinky, korenie (ak na prísady nie ste alergická)",
,,
,,
,,
43.,Pstruh s prílohou,
,45 min.,
,Postup prípravy:,
,Pstruha umyte a osušte. Z každej strany ho osoľte a okoreňte čiernym korením a korením na ryby. Vložte ho do,
,"zapekacej sklenenej misky (jenské sklo). Pstruha zo spodnej časti narežte a dovnútra vložte niekoľko plátkov citrónu, masla a prípadne tymiánu (podľa chuti). ",
,Niekoľko plátkov citróna si nechajte aj na vrch a pridajte nakrájané plátky cesnaku a po bokoch poukladajte nakrájané zemiaky na plátky. Pečte vo vyhriatej trúbe asi na 180 °C približne 30 min.,
, Konzumujte spolu s prílohou. ,
,,
,INGREDIENCIE,
,220 g pstruh atlantický,
,120 g zemiaky neskoré ,
,1 x ČL živočíšne maslo (5 g),
,1⁄2 x kus citróny (60 g),
,1⁄2 strúčik cesnak (1.5 g),
,Ďalšie ingrediencie:,
,"korenie, tymián (ak na prísady nie ste alergická)",
,,
,,
,,
44.,Hrachová polievka ,
,60 min.,
,Postup prípravy:,
,"Do hrnca si dajte rozohriať olej, na ktorom opečte nakrájaný cesnak. Do hrnca si nasypte sušený hrach, očistené a nakrájané zemiaky na malé",
,"kocky, osoľte a zalejte vodou. Polievku varte, kým zemiaky a hrach nezmäknú a následne všetko rozmixujte do hladka.",
,,
,INGREDIENCIE,
,2 x stredný kus zemiaky neskoré (180 g),
,250 x g hrach sušený (alebo mrazený),
,1 PL olivový olej (12 g),
,1 strúčik cesnak (3 g),
,1500 ml voda pitná (1500 g),
,,
,,
,,
46.,Prívarok zo zelenej fazuľky s vajíčkom,
,30 min.,
,Postup prípravy:,
,"Zelenú fazuľku dajte do hrnca, zalejte vodou a asi 15 minút povarte. Potom vodu zlejte. Umyté zemiaky nakrájajte na",
,"kocky a tiež uvarte do mäkka. Po uvarení vodu sceďte. Zemiaky preložte opäť do hrnca s vriacou vodou tak, aby boli",
,"všetky podliate. Zemiaky mixujte tyčovým mixérom a prilievajte vodu podľa toho, aký hustý chcete prívarok mať (ak",
,"sa vám zdá zemiakov veľa, niektoré môžete nechať vcelku a primiešať do prívarku nakoniec spolu s fazuľkou). Keď ste",
,"s hustotou spokojný, prilejte mlieko a prívarok ešte chvíľu povarte už aj spolu s uvarenými fazuľkami. Podľa chuti",
,"pridajte soľ, čierne mleté korenie a ocot (prípadne mletú červenú paprika, kôpor alebo štipku cukru). Podávajte s",
,vajíčkom natvrdo a chlebom.,
,,
,INGREDIENCIE,
,2 a 1⁄2 x kus slepačie vajce (137.5 g),
,1 a 1⁄2 x krajec chlieb celozrnný pšeničný (ideálne kváskový) (75 g),
,"2 dl mlieko polotučné 1,5 % (200 g)",
,150 x g fazuľka,
,1 x malý kus zemiaky skoré (60 g),
,Ďalšie ingrediencie:,
,"soľ, čierne mleté korenie, mletá červená paprika, kôpor, cukor, ocot (ak na prísady nie ste alergická)",
,,
,,
,,
47.,Zemiakovo-kelové komíny s cottage cheese,
,150 min.,
,Postup prípravy:,
,"Zemiakovo-kelové komíny pripravte podľa návodu nižšie. Konzumujte spolu s cottage cheese a trochou oleja/masla,",
,pokiaľ máte predpísané.,
,,
,Postup prípravy - Zemiakovo-kelové komíny:,
,"Zemiaky očistite a v šupke uvarte cca 40 minút vo vode do zmäknutia. Nechajte vychladnúť, aby ste ich mohli ošúpať. Medzitým si dobre očistite a",
,"nasekajte na drobno kel (podľa možnosti nie ružičkový), ktorý je dobré pred pečením spariť. Dajte do hrnca niekoľko lyžíc vody, nakrájaný kel a priveďte do varu.",
,"Poduste 3 - 5 minút, potom zlejte a opláchnite studenou vodou. Cibuľu nasekajte na drobno, cesnak očistite a prelisujte. Rúru predhrejte na 175 °C. Vychladnuté",
,"zemiaky rozmixujte ručným mixérom alebo roztlačte (nechajte kúsky, výsledok bude chutnejší), vmiešajte sparený kel, nasekanú cibuľu, štipku soli, cesnak a",
,"nasekané petržlenové lístky. Na plech dajte papier na pečenie a ideálne cez kruhovú formu plňte do stĺpcov (ideálne 12), ľahko vždy stlačte. Pečte 40 minút.",
,,
,INGREDIENCIE,
,3 x kus Zemiakovo-kelové komíny (255 g) ,
,1 x balenie cottage cheese s pažitkou (200 g),
,,
,INGREDIENCIE - Zemiakovo-kelové komíny,
,9 x stredný kus zemiaky neskoré (810 g),
,3 strúčik cesnak (9 g),
,1 x stredne veľká červená cibuľa (93.75 g),
,100 g kel kučeravý,
,20 g petržlen - vňať,
,Ďalšie ingrediencie:,
,"bylinky, soľ (ak na prísady nie ste alergická)",
,,
,,
,,
48.,Tekvicová hokkaido polievka,
,60 min.,
,Postup prípravy:,
,"Na olivovom oleji orestujte krátko cibuľu spolu s drvenými horčicovými semienkami, rascou a očistenou kurkumou asi 3 cm kúsok (prípadne sušená",
,kurkuma). Musí sa pridať do oleja. Pridajte 4 paradajky rozkrojené na polovicu a orestujte ich. Hokkaido tekvicu dôkladne umyte – nešúpe sa – vydlabte dužinu ,
,a pár menších tekvicových semien prihoďte do polievky. Suroviny pridávajte v tomto poradí: na kocky nakrájanú tekvicu spolu s mrkvou nakrájanou,
," na kolieska, 3 cm kúsok očisteného zázvoru, tymián a bobkový list, mleté korenie z mlynčeka a za hrsť čerstvého koriandru – vňate. Zalejte vodou.",
," Povarte necelú hodinu, kým bude všetko mäkké. Vyberte z polievky koreň zázvoru a šupky z paradajok, bobkový list a všetko zmixujte ponorným",
,tyčovým mixérom. Pridajte soľ. Pred jedením posypte ľanovými ,
,a sezamovými semienkami. Dochuťte ešte tekvicovým olejom.,
,,
,1 x stredne veľká cibuľa (75 g),
,2 x polovica ks tekvica Hokkaido (800 g),
,6 PL olivový olej (72 g),
,4 ks rajčiny (300 g),
,2 ks mrkva (170 g),
,8 g kurkuma,
,2 ČL ľanové semená (6 g),
,2 ČL sezamové semená (6 g),
,1⁄2 PL olej tekvicový (6 g),
,1500 ml voda (1500 g),
,Ďalšie ingrediencie:,
,"soľ, zázvor, drevené horčicové",
,"semienka, malá lyžička rasce, nové korenie 5 ks, 2 čerstvé bobkové listy, hrsť čerstvých byliniek tymiánu a koriandru, mleté čierne korenie,",
,štipka sušeného chilli (podľa chuti - nemusí byť),
,,
,,
,,
49.,Massaman kari s kuracím mäsom,
,30 min.,
,Postup prípravy:,
,Uvarte zemiaky. Na panvici orestujte kari pastu. Pridajte kokosové mlieko a na miernom ohni za stáleho miešania,
,"povarte. Pridajte mäso a podlejte trochou vody. Keď je mäso hotové, pridajte cukor, rybaciu omáčku, nakrájanú",
,cibuľu a nakrájané uvarené zemiaky. Na miernom ohni povarte cca 10 minút. Podávajte s ryžou.,
,,
,INGREDIENCIE,
,165 g kuracie prsia bez kostí,
,"1 x 100 ml kokosové mlieko (krém, smotana) so zníženým množstvom tuku (100 g)",
,2 x väčšia naberačka ryža nelúpaná (varená) (120 g),
,1 x PL trstinový cukor (15 g),
,1 x malý kus zemiaky skoré (60 g),
,25 g massaman kari pasta,
,1⁄2 x stredne veľká cibuľa (37.5 g),
,5 g rybacia omáčka,
,,
,,
,,
50.,Plnené kuracie alebo morčacie prsia s nivou a olivami,
,60 min.,
,Postup prípravy:,
,"Rezne dôkladne umyte, rozkrojte na polovicu a jemne rozklepte. Mäso osoľte, dajte do vnútra kúsky nivy a olivy.",
,Prikryte druhou polovicou pŕs a spojte špáradlami. Na panvici na oleji z oboch strán opražíte naplnené prsia do,
,"ružova. Keď máte prsia opražené, orestujte šampiňóny (spolu so šťavou, ak sú z konzervy), ak nie, prilejte trochu",
,vody. Posypte soľou a paprikou. Prsia konzumujte spolu s orestovanými šampiňónmi okorenenými červenou sladkou,
,mletou paprikou a prílohou. Recept môžete pripraviť z väčšieho množstva ingrediencií (prenásobte ingrediencie v,
,"rovnakom pomere ako sú odporučané), ale skonzumujte len toľko, koľko máte predpísané. Zvyšok použite napríklad",
,nasledujúci deň.,
,,
,INGREDIENCIE,
,4 x väčšia naberačka tarhoňa (varená) (240 g),
,130 g kuracie prsia bez kostí,
,20 g niva,
,1⁄2 PL olivový olej (6 g),
,3 x kus olivy zelené marinované (27 g),
,45 g šampiňóny v konzerve napr. Iska,
,Ďalšie ingrediencie:,
,"bylinky, korenie, zeleninová soľ, kari, červená sladká mletá paprika (ak na prísady nie ste alergická)",
,,
,,
,,
51.,Zeleninový nákyp s indiánskou ryžou,
,50 min.,
,Postup prípravy:,
,"Ryžu popražte na oleji a dajte variť v osolenej vode na 20 minút spolu s nakrájanou cibuľou, zelerom,",
,nastrúhanou mrkvou a majoránkou (podľa chuti). Zmes premiešajte s vaječným bielkom a preložte do zapekacej misy.,
,"Posypte syrom (ak uvádza recept). Na tanier položte listy šalátu, kopček zapečenej ryže, obložte pokrájanými",
,"paradajkami, posypte prelisovaným cesnakom, ktorý však môžete pridať do ryže aj počas varenia.",
,,
,INGREDIENCIE,
,75 g indiánska ryža (nevarená) napr. LAGRIS,
,"2 a 1⁄2 x plátok (9×9 cm) syr eidam, 30 % t. v s. neúdený (55 g)",
,1 a 1⁄2 ČL olivový olej (7.5 g),
,4 x ks vaječný bielok (132 g),
,1 ks mrkva (85 g),
,1 ks rajčiny (75 g),
,1⁄2 x stredne veľká cibuľa (37.5 g),
,1⁄2 x priemerný kus zeler buľvový (25 g),
,1⁄2 miska objem (300 ml) ľadový šalát (40 g),
,1 strúčik cesnak (3 g),
,Ďalšie ingrediencie: ,
,"majoránka, štipka soli (ak na prísady nie ste alergická)",
,,
,,
,,
52.,Seitan burger,
,30 min.,
,Postup prípravy:,
,"Na prípravu sojanézy zmixujte biele tofu, citrónovú šťavu, horčicu, olivový olej a štipku soli. Odložte do",
,"chladničky. Na barbecue dip zmiešajte pretlak, med/sirup, čierne korenie, horčicu, balsamico a štipku soli. Medzitým si",
,"nakrájajte zeleninu – paradajky a červenú cibuľu na kolieska, uhorku na tenké plátky a šalát na listy. Na rozpálenej",
,"panvici s trochou oleja opekajte seitan z oboch strán do chrumkava. Žemľu prekrojte na polovicu, spodok potrite",
,"sojanézou, potom naň položte seitan potretý barbecue dipom, následne dajte uhorku, plátok syra, paradajky, šalátový",
,"list, červenú cibuľu a spodnú časť vrchnej polovice žemle môžete natrieť zvyšnou sojanézou alebo barbecue dipom.",
,,
,INGREDIENCIE,
,1 x kus žemľa viaczrnná hamburgerová (75 g),
,150 g seitan natural napr. SUNFOOD,
,"25 g syr eidam, 30 % t. v s.",
,1 ČL olivový olej (5 g),
,35 g sójový syr tofu,
,1⁄2 PL javorový sirup (6 g),
,2 a 1⁄2 (8 cm) ks uhorky zavárané kyslé (85 g),
,35 x g červená cibuľa,
,1⁄2 x PL paradajkový pretlak (14 g),
,1⁄2 ks rajčiny (37.5 g),
,1⁄2 miska objem (300 ml) ľadový šalát (40 g),
,1⁄2 ČL horčica plnotučná (4.5 g),
,Ďalšie ingrediencie:,
,"štipka soli, citrónová šťava, chilli, čierne korenie, balsamico (ak na prísady nie ste alergická)",
,,
,,
,,
53.,Parený losos na kokosovej kari omáčke s cestovinami,
,30 min.,
,Postup prípravy:,
,"Lososa naparte v parnom hrnci - cca 15 minút. Medzitým dajte variť cestoviny. Kým sa všetko pripravuje, urobte",
,"omáčku. Do malého hrnca si dajte rozpustiť olej alebo maslo, po rozpustení pridajte múku, trochu zahustite a",
,"zalejte kokosovým nápojom. Dobre premiešajte, nechajte prevrieť a odstavte. Dochuťte soľou, kari korením, medom.",
,"Na tanier naberte uvarené cestoviny, na to položte filet z lososa a celé to prelejte kokosovou kari omáčkou.",
,,
,INGREDIENCIE,
,"90 g cestoviny, makaróny, špagety celozrnné (neuvarené)",
,115 g losos obyčajný,
,1 ČL repkový olej rafinovaný (5 g),
,2 a 1⁄2 dl kokosový nápoj (250 g),
,1 a 1⁄2 ČL kokosová múka (4.5 g),
,1⁄2 ČL med včelí (3.5 g),
,2 g korenie kari,
,Ďalšie ingrediencie:,
,"štipka soli, kari korenie, chilli korenie (ak na prísady nie ste alergická)",
,,
,,
,,
54.,Hlivový burger,
,20 min.,
,Postup prípravy:,
,"Hlivu umyte a nakrájajte. Na rozohriatej panvici opražte hlivu bez oleja. Pritlačte hlivu druhou panvicou/hrncom, aby",
,mala ploskejší vzhľad. Po pár minútach takéhoto grilovania hliva pustí veľa šťavy. Poriadne panvice pritlačte a vodu,
,zlejte. Opekajte dozlatista. Pridajte trochu oleja a gyros korenie. Potom znova hlivu pritlačte panvicou a opekajte z,
,"oboch strán. Medzitým si nakrájajte pečivo, ktoré môžete tiež jemne opiecť. Nakrájajte zeleninu. Plátky",
,"tofu/tempehu/syra jemne opražte na panvici. Potrite žemľu kečupom a naukladajte šalát, hlivu a zvyšok. Prikryte",
,druhou polovicou žemle.,
,,
,INGREDIENCIE,
,1 x kus žemľa viaczrnná hamburgerová (75 g),
,"90 g tvrdý syr 20 %, napr. Madeland",
,420 g hliva ustricová,
,1⁄2 ČL olivový olej (2.5 g),
,2 ČL kečup (18 g),
,2 (8 cm) ks uhorky zavárané kyslé (68 g),
,1⁄2 ks rajčiny (37.5 g),
,50 g šalát hlávkový,
,20 x g uhorky,
,Ďalšie ingrediencie:,
,gyros korenie (ak na prísady nie ste alergická),
,,
,,
,,
55.,Špenátové špagety so syrom,
,20 min.,
,Postup prípravy:,
,Cestoviny (ideálne špagety) uvarte podľa návodu. 1 minútu pred dovarením vložte do vody so špagetami špenátové,
,"listy a prikryte pokrievkou. Spolu zlejte od prebytočnej vody. Do hotových, ešte teplých špagiet pridajte syr a",
,"nakrájané paradajky. Prikvapkajte olej, ak ho máte v recepte uvedený.",
,,
,INGREDIENCIE,
,110 g cestoviny grahamové (neuvarené),
,1⁄2 ks mozzarella (62.5 g),
,210 g baby špenát,
,5 ks cherry paradajky (60 g),
,,
,,
,,
56.,Kuracia miska,
,40 min.,
,Postup prípravy:,
,"Korenie alebo klinčeky roztlčte. Kuracie prsia nakrájajte na kocky a ochuťte polovicou korenia alebo klinčekov, soľou",
,a trochou citrónovej šťavy. Všetky ďalšie odporúčané ingrediencie použite podľa vašej chuti a preferencie. Papriku,
,"pozdĺžne rozštvrťte, očistite a pokrájajte na pásiky. Očistenú cukinu pozdĺžne rozpoľte a nakrájajte na 1 cm",
,"hrubé plátky. Zemiaky v šupke nakrájajte na kocky. Papriku, cukinu a zemiaky pokvapkajte citrónovou šťavou.",
,Chilli pokrájajte na kolieska. Cibuľu s cesnakom ošúpte a pokrájajte na kocky. V hrnci rozohrejte olej a kuracie prsia v,
,ňom zo všetkých strán 3 minúty pečte. Pridajte cibuľu s cesnakom a krátko poduste. Potom pridajte zeleninu a chilli,
,papričku. Osoľte a okoreňte tymiánom a čiernym korením. Prilejte vývar. Všetko varte pod pokrievkou asi 25 min na,
,miernom ohni. Kuraciu misku dochuťte zvyškom citrónovej šťavy. Tento recept si môžete spraviť z väčšieho množstva,
,"ingrediencií (rovnomerne prenásobte ingrediencie, ktoré máte odporučené recepte na vami požadovaný počet porcií",
,- ďalšie porcie konzumujte napr. nasledujúci deň).,
,,
,INGREDIENCIE,
,3 a 1⁄2 x väčšia naberačka zemiaky neskoré (210 g),
,145 g kuracie prsia bez kostí,
,1 PL repkový olej rafinovaný (12 g),
,"1 a 1⁄2 x kus (18 cm dĺžka, 13,5 cm obvod v strede )cukina (280.5 g)",
,1 ks paprika zeleninová (75 g),
,1⁄2 x stredne veľká cibuľa (37.5 g),
,1⁄2 strúčik cesnak (1.5 g),
,Ďalšie ingrediencie:,
,"zeleninový vývar (niekoľko lyžíc), koreniny, bylinky, citrónová šťava, sušený tymián, sušená chili paprička, klinčeky",
,"alebo nové korenie, zeleninová soľ (ak na prísady nie ste alergická)",
,,
,,
,,
57.,Francúzske zemiaky na zdravý spôsob,
,45 min.,
,Postup prípravy:,
,Nakrájajte baklažán na plátky. Osoľte a za pol hodinu osušte utierkou. Na panvici osmažte. Paradajky nakrájajte.,
,"Zemiaky upečte v šupke. Po vychladnutí nakrájajte na plátky. Kuracie mäso nakrájajte, okoreňte a grilujte. Formu",
,"vymastite olivovým olejom, posypte nakrájaným cesnakom, poukladajte plátky zemiakov, baklažánu, kuracieho mäsa,",
,"cibule a rajčín, posypte talianskou zmesou korenia (alebo iným preferovaným korením podľa chuti), strúhaným syrom",
,"a ukončite plátkami zemiakov. Posypte syrom, pridajte kuracie kúsky, cibuľu, paradajky a opäť posypte syrom.",
,Zapekajte 15 minút vo vyhriatej rúre na 180 °C.,
,,
,INGREDIENCIE,
,4 x väčšia naberačka bataty - sladké zemiaky (240 g),
,130 g kuracie prsia bez kostí,
,1 PL olivový olej (12 g),
,1 a 1⁄2 x plátok (9×9 cm) syr eidam 30 % tuku napr. BLUEDINO LIDL (33 g),
,1⁄2 x kus baklažán (130 g),
,1 ks rajčiny (75 g),
,1⁄2 x stredne veľká cibuľa (37.5 g),
,1 strúčik cesnak (3 g),
,Ďalšie ingrediencie:,
,"štipka soli, čierne korenie, korenie talianske (ak na prísady nie ste alergická)",
,,
,,
,,
58.,Cuketové lečo s vajíčkom,
,30 min.,
,Postup prípravy:,
,"Na panvici zohrejte olej. Všetku zeleninu očistite, nakrájajte na požadované kúsky a dajte restovať. Keď trochu",
,"zmäkne, podlejte ju ešte pohárom vody. Ochuťte soľou, čiernym mletým korením, majoránkou, prípadne podľa chuti",
,môžete pridať aj chilli. Podávajte s vajíčkom uvareným na tvrdo a pokiaľ recept uvádza aj s pečivom alebo ryžou. Ak,
,"recept uvádza samostatne vaječný bielok, vajce klasicky uvarte na tvrdo a k leču pridajte už len uvedenú porciu",
,bielka.,
,,
,INGREDIENCIE,
,2 x krajec chlieb celozrnný pšeničný (ideálne kváskový) (100 g),
,2 a 1⁄2 x ks vajce na tvrdo (137.5 g),
,3 kus vaječný bielok (99 g),
,1 ks paprika žltá (75 g),
,1⁄2 ČL olivový olej (2.5 g),
,"1⁄2 x kus (18 cm dĺžka, 13,5 cm obvod v strede) cukina (93.5 g)",
,1⁄2 x stredne veľká cibuľa (37.5 g),
,1 ks paprika červená (75 g),
,1 strúčik cesnak (3 g),
,Ďalšie ingrediencie:,
,"štipka soli, čierne mleté korenie, majoránka, chilli (ak na prísady nie ste alergická)",
,,
,,
,,
59.,Halloumi burger,
,30 min.,
,Postup prípravy:,
,Rozohrejte grilovaciu panvicu. Polovicu oleja natrite na šampiňóny a dobre okoreňte. Dajte na panvicu a grilujte 6 - 8,
,minút. Zvyšným olejom potrite plátky halloumi a vnútornú stranu rozrezanej žemle. Opečte 2 minúty na,
,"panvici. Nakrájanú cibuľu, paradajku, uhorku a mätu zmiešajte spolu s limetkovou šťavou a dobre okoreňte. Na",
,spodnú polovicu žemle rozotrite hummus a naukladajte hríby. Navrch položte nakrájaný zeleninový šalát a syr,
,halloumi. Prikryte druhou polovicou žemle.,
,,
,INGREDIENCIE,
,70 g polotvrdý syr Halloumi,
,1 x kus žemľa viaczrnná hamburgerová (75 g),
,6 x kus pečiarka poľná/šampiňóny (156 g),
,1 ČL olivový olej (5 g),
,1 PL rastlinná nátierka hummus (15 g),
,1 ks rajčiny/paradajky (75 g),
,1⁄2 x stredne veľká cibuľa (37.5 g),
,1⁄2 x kus limetka (33.5 g),
,60 x g uhorky,
,Ďalšie ingrediencie:,
,"štipka soli, mleté čierne korenie, mäta (ak na prísady nie ste alergická)",
,,
,,
,,
60.,Fazuľovo-kukuričný burger,
,20 min.,
,Spôsob prípravy:,
,"Všetky ingrediencie okrem olivového oleja, šalátu a bieleho jogurtu, hoďte do mixéra a nahrubo rozmixujte. Na",
,"olivovom oleji opražte „fašírky“, kým nezhnednú. Jogurt vymiešajte s kôprom, soľou, olivovým olejom, štipkou",
,sušeného cesnaku. Podávajte s hlávkovým šalátom.,
,,
,INGREDIENCIE,
,70 x g fazuľa biela napr. ALBERT BIO,
,2 ks slepačie vajce (110 g),
,2 a 1⁄2 x PL špaldová celozrnná hrubá múka (37.5 g),
,"10 PL jogurt biely (max. 0,3 % tuku) (200 g)",
,1⁄2 PL olivový olej (6 g),
,20 g kukurica z konzervy,
,1⁄2 ks paprika červená (37.5 g),
,20 g šalát hlávkový,
,1⁄2 miska objem (300 ml) špenát (10 g),
,Ďalšie ingrediencie:,
,"štipka soli, chilli, čierne korenie, kôpor, štipka sušeného cesnaku (ak na prísady nie ste alergická)",
,,
,,
,,
61.,Falafel s červenou repou,
,30 min.,
,Postup prípravy:,
,"Všetky suroviny okrem múky, oleja a smotany/jogurtu rozmixujte na jemnú zmes. Postupne pridávajte múku a",
,"koreniny a spracujte na cesto, ktoré sa dá dobre tvarovať. Vytvarujte fašírky. Na panvici rozohrejte olej a krátko",
,falafel opražte. Falafel namáčajte do smotany alebo jogurtu.,
,,
,INGREDIENCIE,
,8 a 1⁄2 x PL cícer varený (161.5 g),
,4 PL múka pšeničná hladká napr. Zlatý Klas (40 g),
,10 a 1⁄2 PL jogurt sójový biely BIO napr. SOJADE (210 g),
,2 ČL olivový olej (10 g),
,2 x veľkosť M slepačí bielok (74 g),
,70 x g červená repa (cvikla),
,1⁄2 x stredne veľká cibuľa (37.5 g),
,1⁄2 strúčik cesnak (1.5 g),
,,
,,
,,
62.,Avokádové cestoviny,
,15 min.,
,Postup prípravy:,
,"Uvarte cestoviny podľa návodu na obale. Avokádo rozmixujte. Prilejte po lyžičkách vodu, podľa požadovanej",
,"konzistencie. Pastu vylejte na uvarenú porciu cestovín a pridajte tuniaka. Ak máte uvedené, posypte nasucho",
,opraženým sezamom.,
,,
,INGREDIENCIE,
,105 g cestoviny šošovicové (z červenej šošovice),
,1⁄2 ks avokádo (97.5 g),
,2 x malá konzerva tuniak vo vlastnej šťave (112 g),
,1 a 1⁄2 ČL sezamové semená (4.5 g),
,,
,,
,,
63.,"Batátovo-zemiakové ,,halušky” s gaštanovou múkou, špenátom a medvedím cesnakom",
,35 min.,
,Postup prípravy:,
,Cesto pripravte podľa návodu nižšie (hmotnosť cesta je uvádzaná v surovom stave).,
,"Do keramickej misy na dno rozdrobte čerstvý kozí syr a hotové, scedené halušky naň položte a premiešajte. Na",
,panvici na tuku orestujte pretlačený cesnak. Pridajte umyté osušené špenátové listy nasekané na drobno a krátko,
,orestujte cca 3 minúty. Dochuťte štipkou soli a mletým korením z mlynčeka. Halušky presuňte na panvicu a zmiešajte,
,"so špenátom. Konzumujte teplé, posypané nasekaným čerstvým medvedím cesnakom (ak nemáte k dispozíci medvedí",
,"cesnak, použite pažitku alebo vňať). Pokiaľ recept uvádza, zapite mliekom.",
,,
,Postup prípravy - cesto (batátovo-zemiakové halušky),
,"Olúpané surové zemiaky a batáty nastrúhajte na strúhadle na jemno, alebo ich rozmixujte vo foodprocesore, ale nie na kašu. Zmiešajte v miske spolu s",
,"múkami, vajcami, vodou a soľou do hustejšieho cesta. Do hrnca dajte zovrieť vodu, osoľte a cez formu na halušky vyrobte halušky. Po vyplávaní na povrch ",
,ich nechajte variť cca 3 minúty. Halušky sceďte pomocou sitka.,
,,
,INGREDIENCIE,
,"1 a 1⁄2 porcia cesto (batáty, zemiaky, špaldová a gaštanová múka, vajce) (150 g) ",
,1 PL ghee maslo (17 g),
,55 g kozí syr mäkký,
,1 miska objem (300 ml) špenát (20 g),
,25 g medvedí cesnak,
,1⁄2 strúčik cesnak (1.5 g),
,,
,INGREDIENCIE - cesto (batátovo-zemiakové halušky),
,220 g bataty - sladké zemiaky,
,5 x väčšia naberačka zemiaky skoré (300 g),
,100 g múka gaštanová,
,200 g špaldová múka hladká,
,2 ks slepačie vajce (110 g),
,150 ml voda pitná (150 g),
,Ďalšie ingrediencie:,
,"bylinky, korenie, soľ, vňať, pažitka (ak na prísady nie ste alergická)",
,,
,,
,,
64.,Zeleninová krémová polievka,
,45 min.,
,Postup prípravy:,
,"Zeleninu očistite a nakrájajte na menšie časti. Vložte do hrnca, zalejte vodou a varte, kým zelenina nie je mäkká. Pridajte čierne korenie a soľ.",
,Polievku vymixujte ponorným mixérom dohladka.,
,,
,INGREDIENCIE,
,3 ks mrkva (255 g),
,1⁄2 x 1 balenie brokolica (250 g),
,2 x stredný kus zemiaky neskoré (180 g),
,3 strúčik cesnak (9 g),
,100 g hrášok,
,1500 ml voda pitná (1500 g),
,Ďalšie ingrediencie:,
,"štipka soli, (štipka čierneho korenia - jedine, ak máte vyskúšané). Korenie, najmäčierne vo väčšom množstve môže spôsobovať problémy.",
,,
,,
,,
65.,"Zelenina s prílohou, kozím syrom a praženými arašidmi",
,20 min.,
,Postup prípravy:,
,Bulgur uvarte (môže byť pšeno alebo celozrnný kuskus). Zmiešajte s rozšľahaným bielkom a ešte krátko povarte.,
,"Cuketu bez jadierok pokrájajte na kocky. Orestujte na oleji, tofu syr a kozí syr tiež na kocky. Opražte arašidy a sezam",
,nasucho. Všetko primiešajte k bulguru a podávajte so šalátom (polníčkom). Pokvapkajte olejom.,
,,
,INGREDIENCIE,
,85 x g bulgur (neuvarený),
,1 x balenie tofu (170 g),
,15 g kozí syr tvrdý,
,2 x ks vaječný bielok (66 g),
,5 ks arašidy (5 g),
,1⁄2 ČL olivový olej (2.5 g),
,5 ks cherry paradajky (60 g),
,1⁄2 ČL sezamové semená (1.5 g),
,40 g polníček,
,malý kus cuketa (cukina) (50 g),
,Ďalšie ingrediencie:,
,bylinky a korenie (ak na prísady nie ste alergická),
,,
,,
,,
66.,Plnené rajčiny s cícerom alebo šošovicou,
,15 min.,
,Postup prípravy:,
,"Cesnak, dreň z vydlabaných rajčín, povarenú strukovinu rozmixujte s jarnou cibuľkou, olejom, cuketou, soľou a",
,tymiánom (podľa chuti). Zmesou naplňte rajčiny. Môžete posypať naklíčenou žeruchou alebo inými klíčkami (podľa,
,chuti). Ostatný cícer/šošovicu konzumujte zvlášť.,
,,
,INGREDIENCIE,
,80 g šošovica červená,
,1⁄2 PL olivový olej (6 g),
,3 ks rajčiny (225 g),
,"1 x kus (18 cm dĺžka, 13,5 cm obvod v strede) cukina (187 g)",
,1⁄2 x kus (40 cm) jarná cibuľka (22 g),
,1 strúčik cesnak (3 g),
,Ďalšie ingrediencie:,
,"tymián, naklíčená žerucha (ak na prísady nie ste alergická)",
,,
,,
,,
67.,Mrkvovo-batátový krém s tofu a krutónmi,
,30 min.,
,Postup prípravy:,
,Dajte variť mrkvu a batát spolu s pomocnými ingredienciami. Po 10 minútach pridajte šošovicu. Povarte ešte 5 minút.,
,"Odstavte, nalejte smotanu, vytiahnite bobkový list a rozmixujte. Nakrájajte tofu a chlieb na malé kocky a opražte.",
,,
,Postup prípravy - Írsky kukuričný chlieb bez mlieka a kvasníc:,
,"Vo väčšej miske zmiešajte kukuričnú múku, soľ (1 PL), cukor, sódu bikarbónu 1 ČL až PL. V strede zmesi si urobte jamku, do ktorej nalejete vodu.",
,"Jemne miešajte, kým Vám nevznikne lepivá hmota. Cesto vytvarujte do bochníka a dajte piecť do zapekacej misy vystlanej papierom na pečenie. ",
,Ostrým nožom bochník narežte a posypte múkou. Pečte v rúre pri 180 stupňoch približne 1 hodinu.,
,,
,INGREDIENCIE,
,1 x balenie tofu biele (180 g),
,9 PL smotana 12 % (108 g),
,1 a 1⁄2 x krajec chlieb kukuričný (írsky bez kvasníc a mlieka) (75 g) ,
,1 x PL šošovica (25 g),
,1 ks mrkva (85 g),
,1⁄2 x väčšia naberačka bataty - sladké zemiaky (30 g),
,,
,INGREDIENCIE - Írsky kukuričný chlieb bez kvasníc a mlieka,
,450 g kukuričná múka (polenta instantná),
,500 ml voda pitná (500 g),
,1 PL trstinový cukor (15 g),
,Ďalšie ingrediencie:,
,"štipka soli, bobkový list, biele korenie (ak na prísady nie ste alergická)",
,,
,,
,,
68.,Cestoviny so zeleninou a tuniakom,
,20 min.,
,Postup prípravy:,
,"Uvarte cestoviny. Zeleninu pokrájajte na kocky, zjemnite jogurtom, pridajte semienka, dosoľte. Primiešajte tuniaka a",
,zmiešajte s uvarenými cestovinami.,
,,
,INGREDIENCIE,
,80 g cestoviny šošovicové (z červenej šošovice),
,6 a 1⁄2 PL grécky jogurt (130 g),
,2 x malá konzerva tuniak vo vlastnej šťave (112 g),
,1⁄2 ks uhorky (150 g),
,1 ks paprika zeleninová (75 g),
,1 ČL sezamové semená (3 g),
,1 ks rajčiny (75 g),
,15 x g pór,
,1 strúčik cesnak (3 g),
,Ďalšie ingrediencie:,
,štipka soli (ak na prísady nie ste alergická),
,,
,,
,,
69.,Cestoviny s pestom z červenej repy,
,50 min.,
,Postup prípravy:,
,"Z cestovín pri tomto recepte voľte špagety. Tie uvarte podľa návodu v osolenej vode. Červenú repu uvarte v šupke,",
,kým nezmäkne (asi 30 minút). Potom ju vyberte a nechajte vychladnúť. Ošúpte ju a nakrájajte na menšie kúsky. V,
,"mixéri repu rozmixujte najemno. Pridajte šťavu z citróna, ochuťte soľou, čiernym mletým korením a môžete pridať aj",
,"surový alebo sušený cesnak. Zmes rozmixujte dohladka. Ak recept uvádza, k zmesi môžete pridať aj olej. Vlašské",
,orechy krátko opečte na suchej panvici a nasekajte. Uvarené a scedené cestoviny dôkladne zmiešajte s pestom z,
,"červenej repy. Podľa druhu syra uvedeného v recepte ho, buď nastrúhajte, alebo len pridajte k cestovinám. Pred",
,podávaním posypte orechami.,
,,
,INGREDIENCIE,
,90 g cestoviny šošovicové (z červenej šošovice),
,1 a 1⁄2 balenie cottage cheese biely (270 g),
,3 ks orechy vlašské (9 g),
,1⁄2 x malý kus červená repa (cvikla) (25 g),
,1⁄2 x PL šťava citrónová (6 g),
,Ďalšie ingrediencie:,
,"soľ, čierne mleté korenie, sušený cesnak (ak na prísady nie ste alergická)",
,,
,,
,,
70.,"Ryža s brokolicou, šunkou a orechami",
,35 min.,
,Postup prípravy:,
,"Ryžu uvarte vo vode takmer do mäkka. Následne ju presuňte do woku alebo hlbokej panvice, pridajte na drobno",
,"nakrájanú brokolicu, šunku a vodu. Za stáleho miešania ryžu varte ešte 5 minút. Na koniec do nej primiešajte korenie,",
,"sójovú omáčku (podľa chuti), surové vajce a orechy, párkrát premiešajte, kým sa vajce uvarí a môžete servírovať.",
,,
,INGREDIENCIE,
,3 a 1⁄2 x väčšia naberačka ryža nelúpaná (varená) (210 g),
,2 ks slepačie vajce (110 g),
,"7 x plátok priemer 14,5 cm morčacia šunka (126 g)",
,13 ks orechy kešu (19.5 g),
,170 g brokolica,
,Ďalšie ingrediencie:,
,"sójová omáčka, cesnakové korenie, čierne korenie, štipka kurkumy alebo kari (ak na prísady nie ste alergická)",
,,
,,
,,
71.,Domáci hamburger,
,30 min.,
,Postup prípravy:,
,"Mleté mäso zmiešajte spolu so soľou, mletým čiernym korením, roztlačeným cesnakom, najemno nakrájanou cibuľou",
,a polovicou predpísaného kečupu. (Ideálne si mäso kúpte u overeného mäsiara a priamo tam nechajte aj pomlieť,
,nahrubo - tak sa hamburger nerozpadne). Zmes poriadne vymiešajte a vytvarujte na fašírku. Rozohrejte grilovaciu,
,"panvicu, fašírku z oboch strán len jemne potrite olejom a opečte z každej strany asi 4 minúty. Pri poslednej minúte",
,"dajte na plátok mäsa aj syr. Mäso nachvíľu odložte, prikryte, aby nevychladlo a na rovnakej panvici si opečte žemľu z",
,"vnútornej strany do chrumkava. Žemľu potrite horčicou, kečupom alebo majonézou, podľa toho ako uvádza recept.",
,"Navrstvite opražené mäso spolu so syrom, paradajkou, kyslou uhorkou, šalátom a zvyšnou cibuľou. Konzumujte spolu",
,s predvarenou grilovanou kukuricou (kúpite ako celý klas).,
,,
,INGREDIENCIE,
,1 x kus žemľa viaczrnná hamburgerová (75 g),
,"105 g hovädzie mäso mleté (tepelne upravené), 95% chudé /5 % tuk",
,75 g kukurica cukrová,
,"1 x plátok (9×9 cm) syr eidam, 30 % t. v s. neúdený (22 g)",
,2 ks rajčiny (150 g),
,4 (8 cm) ks uhorky zavárané kyslé (136 g),
,1 ČL kečup (9 g),
,20 g cibuľa,
,25 g šalát hlávkový,
,1 strúčik cesnak (3 g),
,Ďalšie ingrediencie:,
,"soľ, čierne mleté korenie (ak na prísady nie ste alergická)",
,,
,,
,,
72.,Restované ázijské rezance s mäsom,
,60 min.,
,Postup prípravy:,
,Polovicu cibule a a polovicu zázvoru očistite a nakrájajte na plátky. Mandarínku očistite na mesiačiky a všetko spolu v,
,"miske osoľte a pomiešajte. Mäso umyte, očistite a položte na pripravený alobal. Pripravenú zmes dajte na mäso a",
,polejte ho kvapkou sezamového oleja (zvyšok budete potrebovať na rezance). Mäso zakryte zvyškom alobalu a dajte,
,piecť do predhriatej rúry na 40 minút. Neskôr mäso odkryte a nechajte podľa potreby zapiecť do,
,"chrumkava maximálne na 15 minút, aby nevyschlo. Medzitým uvarte cestoviny podľa návodu a odoberte množstvo,",
,"ktoré uvádza recept. Cesnak, chilli papričku, zvyšnú cibuľu a zázvor nakrájajte najemno a červenú papriku na pásiky.",
,Do rozpálenej panvice dajte zvyšný sezamový olej a pripravené ingrediencie. Zeleninu orestujte a nakoniec pridajte,
,"pripravené mäso natrhané na kúsky. Dochuťte balsamikom, ktoré nechajte z časti odpariť a jarnou cibuľkou",
,"nakrájanou na kolieska. Pridajte pripravenú porciu cestovín, podlejte trochou vody a ešte chvíľu restujte. Pripravené",
,"jedlo dochuťte sezamovými semenami (len v prípade, že tak uvádza recept).",
,,
,INGREDIENCIE,
,230 g morčacie prsia bez kostí,
,1 PL sezamový olej (12 g),
,1⁄2 x väčšia naberačka ryžové rezance varené (100 g),
,9 g ďumbier (zázvor),
,1⁄2 x stredne veľká cibuľa (37.5 g),
,1⁄2 x malý kus mandarínky (35 g),
,1 a 1⁄2 PL balsamico kalamata napr. (Papadimitriou) (15 g),
,1⁄2 x kus (40 cm) jarná cibuľka (22 g),
,1⁄2 ks paprika červená (37.5 g),
,1 strúčik cesnak (3 g),
,5 g chilli paprička,
,Ďalšie ingrediencie:,
,soľ (ak na prísady nie ste alergická),
,,
,,
,,
73.,Cestoviny s tofu a zeleninou,
,25 min.,
,Postup prípravy:,
,"Tofu nakrájajte na kocky, pokropte sójovou omáčkou (podľa chuti) a nechajte asi 10 min odstáť. Medzitým si na na",
,"oleji speňte nakrájanú cibuľu, rozotretý cesnak. Potom pridajte nakrájané tofu, premiešajte a duste asi 7 min za",
,"občasného miešania. Vami zvolenú zeleninu (preferujte listovú, menej mrkvu, kukuricu, hrach) naparte. Naparenú",
,"zeleninu potom pridajte k tofu. Uvarené cestoviny, zeleninu s tofu premiešajte a ochuťte koreninami.",
,,
,INGREDIENCIE,
,"2 a 1⁄2 x väčšia naberačka cestoviny, makaróny, špagety celozrnné (varené) (150 g)",
,1⁄2 x balenie tofu biele (90 g),
,1⁄2 PL olivový olej (6 g),
,1 x stredne veľká cibuľa (75 g),
,1⁄2 strúčik cesnak (1.5 g),
,Ďalšie ingrediencie:,
,"sójová omáčka, soľ, mleté čierne korenie, medvedí cesnak, ľubovoľná zelenina (ak na prísady nie ste alergická)",
,,
,,
,,
74.,Polievka zeleninová - jarná (bez rezancov a halušiek),
,25 min.,
,Postup prípravy:,
,"Zeleninu očistite a najkrájajte nadrobno. Do hrnca nalejte olej a osmažte cibuľu. Ak je zlatistá, pridajte nakrájanú zeleninu spolu s nakrájanými zemiakmi a ",
,"posmažte na oleji. Na konci pridajte cesnak, soľ a koreniny, a prilejte vodu. Keď začne voda vrieť, pridajte zelerovú a petržlenovú vňať, a povarte asi 10 min.",
," Keď je zelenina skoro uvarená pridajte karfiol a brokolicu. Varte ďalej, až kým bude zelenina mäkká. Ak je mäkká pridajte na záver mrazený hrach.",
, Ľubovoľne dochuťte koreninami.,
,,
,INGREDIENCIE,
,4 x väčšia naberačka zemiaky neskoré (240 g),
,2 ks mrkva (170 g),
,1 x stredne veľký petržlen (60 g),
,1 x stredne veľká cibuľa (75 g),
,1 strúčik cesnak (3 g),
,200 g brokolica mrazená napr. Bonduelle,
,100 g karfiol,
,230 g hrach mrazený,
,1 PL olivový olej (12 g),
,2000 ml voda (2000 g),
,Ďalšie ingrediencie:,
,"vegeta bez glutamánu sodného, korenie čierne drvené (iba ak tolerujete), paprika červená mletá sladká, zelerová vňať, petržlenová vňať",
,,
,,
,,
75.,Pečené kuracie stehno s kapustou a zemiakmi,
,70 min.,
,Postup prípravy:,
,Kuracie stehná umyte pod tečúcou vodou. Zemiaky ošúpte a nakrájajte na štvrtiny. Kyslú kapustu premyte (iba ak je,
,"veľmi kyslá). Na polovicu pekáča rovnomerne rozložte kapustu, na ňu položte stehno alebo stehná (ako uvádza",
,recept). Na druhú polovicu pekáča dajte nakrájané zemiaky. Kura potrite trochou oleja (iba ak uvádza recept). Všetko,
,"dochuťte podľa chuti grilovacím korením, rascou a chilli papričkou. Spoločne vložte do teplovzdušnej rúry a pečte",
,pri 200 - 210 °C cca 50 - 60 minút.,
,,
,INGREDIENCIE,
,1 x kus kuracie stehno (250 g),
,4 a 1⁄2 x väčšia naberačka zemiaky neskoré (270 g),
,1⁄2 PL repkový olej rafinovaný (6 g),
,215 g kvasená/kyslá kapusta,
,Ďalšie ingrediencie:,
,"grilovacie korenie, chilli paprička (ak na prísady nie ste alergická)",
,,
,,
,,
76.,Tekvicové lečo,
,30 min.,
,Postup prípravy:,
,"Na panvici zohrejte olej. Všetku zeleninu očistite, nakrájajte na požadované kúsky a dajte restovať. Keď trochu",
,"zmäkne podlejte ju ešte pohárom vody. Ochuťte soľou, čiernym mletým korením, majoránkou, prípadne podľa chuti",
,môžete pridať aj chilli. Podávajte s vajíčkom uvareným na tvrdo (alebo cottage syrom) a pokiaľ recept uvádza aj s,
,"pečivom alebo ryžou. Ak recept uvádza samostatne vaječný bielok, vajce uvarte na tvrdo a k leču pridajte už len",
,uvedenú porciu bielku.,
,,
,INGREDIENCIE,
,2 balenie cottage cheese biely (360 g),
,"2 väčšia naberačka ryža varená napr. basmati, Vitana (120 g)",
,1⁄2 x priemerný kus tekvica (125 g),
,1 a 1⁄2 kus vaječný bielok (49.5 g),
,1⁄2 ČL olivový olej (2.5 g),
,1⁄2 x stredne veľká cibuľa (37.5 g),
,1⁄2 ks paprika žltá (37.5 g),
,1⁄2 ks paprika červená (37.5 g),
,1 strúčik cesnak (3 g),
,Ďalšie ingrediencie:,
,"štipka soli, čierne mleté korenie, majoránka, chilli (ak na prísady nie ste alergická)",
,,
,,
,,
77.,Pizza šampiňónová,
,40 min.,
,Postup prípravy:,
,Cesto pripravte podľa návodu nižšie (hmotnosť cesta je uvádzaná v surovom stave). Pridajte jednotlivé ingrediencie,
,"ako máte napísané v recepte. Ľubovoľne dochuťte koreninami. V prípade, že si spravíte cesto na celú pizzu,",
,rovnomerne prenásobte ingrediencie patriace na pizzu pre všetky trojuholníky a potom skonzumujte len predpísané,
,množstvo trojuholníkov.,
,,
,Postup prípravy - Špaldové cesto na pizzu chrumkavé:,
,"Múku zmiešajte so sušeným droždím,soľou a olejom. Prilejte vodu a spracujte na tuhé cesto, ktoré nechajte vykysnúť na teplom mieste cca hodinu.",
,Cesto rozotrite na plech. Pridajte ingrediencie podľa toho ako káže recept. Vložte do rúry vyhriatej na 200 stupňov na 25 minút.,
,,
,INGREDIENCIE,
,2 x trojuholník Špaldové cesto na pizzu chrumkavé (130 g),
,"55 g syr eidam, 30 % t. v s.",
,4 x plátok hydinová šunka (80 g),
,60 g paradajkový pretlak,
,1 PL kukurica z konzervy (20 g),
,40 g šampiňóny v konzerve napr. Iska,
,,
,INGREDIENCIE - Špaldové cesto na pizzu chrumkové,
,300 g špaldová múka polohrubá,
,175 g voda pitná,
,2 PL olivový olej (24 g),
,20 g droždie lisované,
,Ďalšie ingrediencie:,
,"oregano, soľ, bazalka (ak na prísady nie ste alergická)",
,,
,,
,,
78.,Grécky šalát,
,20 min.,
,Postup prípravy:,
,"Zeleninu a balkánsky syr nakrájajte na kocky. Pridajte uvarenú prílohu, pokvapkajte olivovým olejom a podávajte. Ak",
,"uvádza recept, pridajte na kusy nakrájané uvarené mäso a dresing.",
,,
,INGREDIENCIE,
,7 a 1⁄2 x lyžica polievková quinoa napr. Country life (75 g),
,115 g kuracie prsia bez kostí,
,25 g balkánsky syr napr. Madeta,
,2 x kus olivy zelené marinované (18 g),
,1⁄2 ČL olivový olej (2.5 g),
,1⁄2 ks uhorky (150 g),
,1 ks paprika zeleninová (75 g),
,,
,,
,,
79.,Opekané stehno s karfiolovým kari,
,60 min.,
,Postup prípravy:,
,"Stehno vykostite a odstráňte kožu. Vykostené mäso osoľte, okoreňte a opečte na rozpálenej panvici s polovičnou",
,porciou oleja. Mäso otočte a dopekajte ešte 4 - 5 minút na miernom plameni pod pokrievkou. Nechajte odstáť. Na,
,"rozohriatej panvici s druhou polovicou oleja pridajte na jemno nakrájanú cibuľu, cesnak na plátky a zázvor na menšie",
,"kúsky. Chvíľu spolu restujte, pridajte nakrájanú mrkvu na menšie kocky. Krátko poduste a pridajte kari korenie.",
,Podlejte vývarom a kokosovým mliekom (ak uvádza recept). Varte ďalších 10 minút a podľa potreby podlejte ešte,
,vodou. Následne pridajte karfiol rozdelený na menšie ružičky a varte domäkka. Na záver pridajte jarnú cibuľku,
,nakrájanú na kolieska. Ako prílohu podávajte ryžu.,
,,
,INGREDIENCIE,
,55 g ryža (neuvarená) Basmati,
,1 a 1⁄2 PL olivový olej (18 g),
,135 g morčacie stehno bez kostí,
,1 ks mrkva (85 g),
,70 g karfiol,
,5 g ďumbier (zázvor),
,45 x g červená cibuľa,
,2 g korenie kari,
,1⁄2 x kus (40 cm) jarná cibuľka (22 g),
,1 strúčik cesnak (3 g),
,Ďalšie ingrediencie:,
,"soľ, korenie, kari korenie (ak na prísady nie ste alergická)",
,,
,,
,,
80.,Polievka slepačia (bez rezancov),
,120 min.,
,Postup prípravy:,
,"Slepačie mäso očistite a spolu s kosťami vložte do studenej vody. Pridajte očistenú zeleninu a koreniny, a varte do mäkka cca 2 hodiny. Po uvarení",
,"mäsa a zeleniny, polievku preceďte. Slepačie mäso a mrkvu pokrájajte na drobné kúsky a spolu s pokrájanou petržlenovou vňaťou alebo pažítkou vložte ",
,do polievky. V prípade potreby dochuťte.,
,,
,INGREDIENCIE,
,1⁄2 x kus sliepka domáca (1500 g),
,3000 ml voda (3000 g),
,1 x stredne veľký petržlen (60 g),
,1 x priemerný kus zeler buľvový (50 g),
,1 x stredne veľká cibuľa (75 g),
,1 strúčik cesnak (3 g),
,2 ks mrkva (170 g),
,Ďalšie ingrediencie:,
,"4 ks nové korenie, 4 ks čierne korenie, petržlenová vňať, soľ (ak na prísady nie ste alergická)",
,,
,,
,,
81.,"Basmati rizoto s pečenou špargľou, hráškom a lososom",
,30 min.,
,Postup prípravy:,
,"Filety lososa umyte, osoľte a dajte do parného hrnca na 15 min. Nakrájajte špargľu a opražte na masle do chrumkava.",
,"Ryžu chvíľu popražte, zalejte vodou zmiešaným s mliekom (ak uvádza recept) a povarte domäkka.",
,"Potom pridajte hrášok, mrkvu, korenie, parmezán a miešajte asi 3 min. Pridajte pečenú špargľu, kúsky lososa a trochu",
,masla na chuť.,
,,
,INGREDIENCIE,
,160 g losos obyčajný,
,"3 a 1⁄2 väčšia naberačka ryža varená napr. basmati, Vitana (210 g)",
,40 g sterilizovaný hrášok,
,1⁄2 x čajová lyžička živočíšne maslo (3.5 g),
,5 x kus (25 cm dĺžka) špargľa (105 g),
,1 x ČL parmezán (5 g),
,20 g sterilizovaná mrkva,
,Ďalšie ingrediencie:,
,"štipka soli, korenie (ak na prísady nie ste alergická)",
,,
,,
,,
82.,Tuniakový burger,
,15 min.,
,Postup prípravy:,
,"V miske zmiešajte tuniaka zbaveného šťavy, vajce, grécky jogurt, ovsené vločky, cibuľu, cesnak, kypriaci prášok a",
,"trocha soli. Ak je zmes riedka, pridajte ešte trocha vločiek. Vytvarujte placky. Na rozohriatej panvici potretej",
,olivovým olejom opekajte placky cca 2 - 3 minúty z každej strany. Na hotové placky poukladajte nakrájané paradajky,
,"a mozzarellu posypanú bazalkou. Paradajky s mozzarelou si môžete aj zapiecť v rúre - osoľte, okoreňte, polejte",
,"olivovým olejom a dajte zapiecť na 5 minút. Po 5 minútach ich posypte mozzarellou, bazalkou a dajte zapiecť na",
,ďalších 5 minút. Na rovnakej panvici si opečte žemľu z vnútornej strany do chrumkava. Žemľu potrite kečupom.,
,"Navrstvite opražený tuniakový burger, rajčiny s mozzarellou, hlávkový šalát.",
,,
,INGREDIENCIE,
,1 x kus žemľa viaczrnná hamburgerová (75 g),
,105 g tuniak vo vlastnej šťave,
,2 a 1⁄2 PL ovsené vločky jemné s vlákninou (27.5 g),
,25 g mozzarella,
,1 ČL olivový olej (5 g),
,1⁄2 x kus slepačie vajce (27.5 g),
,2 a 1⁄2 ks rajčiny (187.5 g),
,55 g červená cibuľa,
,1⁄2 PL grécky jogurt napr. Bakoma (10 g),
,25 g šalát hlávkový,
,1⁄2 x PL kečup bez cukru napr. KAND (10.5 g),
,1⁄2 strúčik cesnak (1.5 g),
,Ďalšie ingrediencie:,
,"štipka soli, kypriaci prášok do pečiva, čierne korenie, bazalka (ak na prísady nie ste alergická)",
,,
,,
,,
83.,Šošovicový prívarok,
,50 min.,
,Postup prípravy:,
,"Šošovicu opláchnite a zalejte studenou vodou. Ak chcete urýchiť varenie, namočte ju už cez noc, následne varte v tej",
,istej vode spolu s bobkovým listom. Predom namočená šošovica sa varí do zmäknutia približne 20 minút. Medzitým si,
,"v miske vymiešajte smotanu spolu s múkou (alebo kukuričným škrobom/hraškou, podľa toho ako uvádza recept). Túto",
,"zmes pomaly a za stáleho miešania prilievajte k uvarenej šošovici a nechajte krátko povariť, kým prívarok nezhustne.",
,"Ten môžete dochutiť soľou, citrónovou šťavou alebo octom. Podávajte s vajíčkom na tvrdo a chlebom (len v prípade,",
,že tak uvádza recept).,
,,
,INGREDIENCIE,
,110 g šošovica,
,2 a 1⁄2 x ks vajce na tvrdo (137.5 g),
,1 PL sójová smotana BIO napr. PROVAMEL (12 g),
,1⁄2 PL bezlepková hraška napr. Ceria (4.5 g),
,Ďalšie ingrediencie:,
,"soľ, citrónová šťava, ocot (ak na prísady nie ste alergická)",
,,
,,
,,
84.,Špenátové lievance s kuracím mäsom,
,20 min.,
,Postup prípravy:,
,"Kuracie prsia nakrájajte na kúsky a ugrilujte na panvici. Keď sú hotové, prikryte ich, aby nevychladli. Všetky suroviny",
,"na špenátové lievance (špenát, vločky, vajcia, jogurt) spolu zmixujte v mixéri čo najviac dohladka. Následne cesto",
,dávkujte na rozohriatu panvicu do tvaru lievancov a každý lievanec opekajte zhruba 1 minútu z každej strany. Keď sú,
,"lievance hotové, naservírujte všetky suroviny na tanier buď navrstvením na seba alebo podľa vašej fantázie.",
,,
,INGREDIENCIE,
,6 PL ovsené vločky (66 g),
,2 ks slepačie vajce (110 g),
,90 g kuracie prsia bez kostí,
,2 ks rajčiny (150 g),
,3 a 1⁄2 PL jogurt sójový biely BIO napr. SOJADE (70 g),
,1⁄2 ČL olivový olej (2.5 g),
,2 miska objem (300 ml) špenát (40 g),
,,
,,
,,
85.,Brokolica so syrom a zelerovými hranolčekmi,
,60 min.,
,Postup prípravy:,
,"Zeler a zemiaky ošúpte a nakrájajte na hranolky, poukladajte na plech vystlaný papierom na pečenie. Osoľte,",
,"okoreňte a posypte drvenou rascou podľa chuti, pokvapkajte olejom. Dajte piecť na 200 stupňov asi 35 - 40 minút.",
,Brokolicu rozoberte na ružičky. Vložte do hrnca s vriacou vodou a nechajte chvíľku povariť (alebo poduste na,
,"pare). Preceďte, nechajte vychladnúť. Do misy nastrúhajte syr a pridajte vychladnutú brokolicu, ktorú pred tým",
,roztlačíte vidličkou. Premiešajte. Šálky vytrite olejom a posypte strúhankou alebo krupicou. Naplňte šálky. Naplnené,
,šálky popritláčajte a znovu jemne posypte strúhankou alebo krupicou. Takto pripravené šálky poukladajte na plech a,
,"vložte do vyhriatej rúry. Pečte približne 45 minút pri 200 stupňoch, kým vrch nie je jemne hnedý. Kým sa zmes pečie",
,nastrúhajte si uhorku na požadovanú veľkosť a vmiešajte do jogurtu. Zmes osoľte a okoreňte. Keď je brokolica so,
,"syrom hotová, kraje nožom jemne uvoľnite a vyklopte, pridajte hranolčeky a potrite jogurtovým dipom.",
,,
,INGREDIENCIE,
,"135 g tvrdý syr 20 %, napr. Madeland",
,2 x stredný kus zemiaky neskoré (180 g),
,1 a 1⁄2 x lyžica polievková (zarovnaná) pohánková krupica (18 g),
,175 g brokolica mrazená napr. Bonduelle,
,1 a 1⁄2 x priemerný kus zeler buľvový (75 g),
,1⁄2 ČL repkový olej rafinovaný (2.5 g),
,"3 PL jogurt biely (max. 0,3 % tuku) (60 g)",
,25 x g uhorky,
,Ďalšie ingrediencie:,
,"soľ, čierne mleté korenie, drvená rasca (ak na prísady nie ste alergická)",
,,
,,
,,
86.,Losos so šampiňónovou omáčkou a prílohou,
,25 min.,
,Postup prírpavy:,
,"Lososa umyte, osušte, osoľte. Opečte na oleji z oboch strán asi 5 minút a dajte na tanier. Na masle poduste nadrobno",
,"nakrájanú cibuľu a na plátky nakrájané očistené, umyté šampiňóny. Pokvapkajte citrónovou šťavou. Potom zalejte",
,smotanou a krátko povarte. Omáčkou polejte lososa. Konzumujte s prílohou.,
,,
,INGREDIENCIE,
,100 g losos obyčajný,
,2 x väčšia naberačka zemiaky neskoré (120 g),
,1⁄2 PL olivový olej (6 g),
,1 x ČL živočíšne maslo (5 g),
,4 ks šampiňóny čerstvé (104 g),
,1 PL smotana 12 % (12 g),
,1⁄2 x stredne veľká cibuľa (37.5 g),
,Ďalšie ingrediencie:,
,"citrónová šťava, štipka soli (ak na prísady nie ste alergická)",
,,
,,
,,
87.,Cestoviny s fazuľou a kešu,
,30 min.,
,Postup prípravy:,
,V slanej vode uvarte cestoviny. Kešu orechy jemne podrvte a opražte na panvici alebo v hrnci. Pridajte paradajkový,
,"pretlak, fazuľu a kukuricu (pokiaľ ju máte v recepte uvedenú). Pár minút povarte, okoreňte podľa chuti a pridajte chia",
,"semienka. Zmes zmiešajte s cestovinami. Pokiaľ recept uvádza, na záver pokvapkajte olivovým olejom a primiešajte",
,syr.,
,,
,INGREDIENCIE,
,70 g cestoviny šošovicové (z červenej šošovice),
,85 g tofu biele,
,4 a 1⁄2 PL paradajkový pretlak (126 g),
,60 g červené fazuľky v konzerve napr. Bonduelle,
,6 ks orechy kešu (9 g),
,1 ČL olivový olej extra panenský (lisovaný za studena) (5 g),
,2 ČL chia semienka (6 g),
,Ďalšie ingrediencie:,
,"chilli, mletá sladká a štipľavá paprika, čierne korenie, oregano, bazalka (ak na prísady nie ste alergická)",
,,
,,
,,
88.,Pečený sumec so zeleninovými plátkami,
,40 min.,
,Postup prípravy:,
,"Dno pekáča potrite olejom. Očistite zeleninu a pripravte si tenšie zeleninové plátky. Tie poukladajte na dno pekáča,",
,"osoľte a okoreňte. Sumca umyte a položte na zeleninu. Pokvapkajte ho citrónom, osoľte a podľa chuti pridajte bylinky",
,"(medovka, tymián). Na sumca môžete na záver poukladať ešte plátky citróna. Pečte vo vyhriatej rúre pri 180°C cca",
,"25 – 30 minút. Plech zakryte papierom na pečenie alebo alobalom, aby sa ryba nevysušila a zostala šťavnatá.",
,,
,INGREDIENCIE,
,245 g sumček africký,
,2 x stredný kus zemiaky skoré (180 g),
,2 x stredne veľký petržlen (120 g),
,1 a 1⁄2 ks mrkva (127.5 g),
,1⁄2 kus citróny (60 g),
,1⁄2 ČL olivový olej (2.5 g),
,Ďalšie ingrediencie:,
,"soľ, čierne mleté korenie, medovka, tymián (ak na prísady nie ste alergická)",
,,
,,
,,
89.,Kuracie stehná so špenátom a pórom,
,25 min.,
,Postup prípravy:,
,"V hlbokej panvici rozohrejte olej. Pridajte narezané kuracie stehná (zbavené kostí a kože) a 2 - 3 minúty ich miešajte,",
,"aby sa mäso uzavrelo z každej strany. Pridajte paradajkový pretlak, približne 150 ml vody, morskú soľ, očistený a",
,"nakrájaný pór a zmes za občasného miešania duste 5 minút. Do zmesi vmiešajte umytý špenát, nakrájané cherry",
,"paradajky a horčicu. Keď je špenát zmäknutý a mäso dostatočne tepelne upravené, panvicu odstavte, zmes posypte",
,syrom feta a podávajte s prílohou.,
,,
,INGREDIENCIE,
,"2 a 1⁄2 väčšia naberačka ryža varená napr. basmati, Vitana (150 g)",
,160 g kuracie stehno,
,"35 g feta syr napr. Dodoni, Tesco",
,1⁄2 PL repkový olej rafinovaný (6 g),
,2 x PL paradajkový pretlak (56 g),
,"1 x (10cm dĺžka, 10 cm obvod) pór (69 g)",
,10 ks cherry paradajky (120 g),
,2 ČL horčica (18 g),
,1 a 1⁄2 miska objem (300 ml) špenát (30 g),
,Ďalšie ingrediencie:,
,štipka soli (ak na prísady nie ste alergická),
,,
,,
,,
90.,Rizoto z čiernej ryže,
,50 min.,
,Postup prípravy:,
,"Do osolenej vriacej vody dajte variť ryžu – varí sa cca 45 minút, občasne premiešajte. Nakrájajte kuracie prsia na malé",
,"kocky, osoľte a okoreňte čiernym korením. V hrnci rozohrejte olej, pridajte nakrájaný cesnak a kari korenie (podľa",
,"chuti). Pridajte kuracie mäso, chvíľu miešajte, podlejte vodou. Prilejte sójovú omáčku a nechajte pár minút dusiť.",
,"Pridajte rozmrazenú zeleninu, po 10 minútach kukuricu (len ak je uvedená v recepte) a vypnite sporák. Do zmesi",
,"pridajte uvarenú ryžu, biely jogurt a premiešajte.",
,,
,INGREDIENCIE,
,50 g ryža čierna natural (neuvarená),
,105 g kuracie prsia bez kostí,
,3 ČL olivový olej (15 g),
,4 PL jogurt bielkovinový napr. Skyr Pilos (80 g),
,105 g mrazená zeleninová zmes jarná,
,55 g kukurica z konzervy,
,1 PL sójová omáčka (11 g),
,1 strúčik cesnak (3 g),
,Ďalšie ingrediencie:,
,"soľ, čierne korenie, kari, bylinky (ak na prísady nie ste alergická)",
,,
,,
,,
91.,Cuketový prívarok,
,20 min.,
,Postup prípravy:,
,"Cuketový prívarok pripravte podľa receptu. Podávajte s varenými zemiakmi a na prírodno uvareným mäsom,",
,prípadne s vareným vajíčkom (podľa toho ako uvádza recept).,
,,
,Postup prípravy - Cuketový prívarok:,
,"Cuketu ošúpte, pozdĺžne prekrojte na polovicu a vyberte jadierka. Dužinu nastrúhajte na hrubšie rezance. Očistenú cibuľu nadrobno nakrájajte. V hlbšej ",
,"panvici alebo v hrnci ju na rozohriatom oleji a masle opražte do sklovita. Pridajte postrúhanú cuketu, premiešajte, a po 3 minútach zalejte 150 – 200 ml",
,"horúcej vody. Za občasného miešania duste 10 minút, potom pridajte soľ. Zemiak očistite, nastrúhajte na jemnom strúhadle, pridajte k cukete a za stáleho",
,"miešania zalejte smotanou. Nechajte 3 minúty prevrieť a odstavte. Nakoniec cuketový prívarok môžete ochutiť citrónovou šťavou, prípadne štipkou cukru.",
,,
,INGREDIENCIE,
,4 x väčšia naberačka zemiaky neskoré varené (240 g),
,135 g kuracie prsia bez kostí,
,1⁄2 x porcia Cuketový prívarok (170 g),
,1 x ks vajce na tvrdo (55 g),
,1 ČL olivový olej (5 g),
,,
,INGREDIENCIE - Cuketový prívarok,
,1 x stredný kus cuketa (cukina) (1000 g),
,1 x stredne veľká cibuľa (75 g),
,1 PL olivový olej (12 g),
,2 ČL živočíšne maslo (14 g),
,1 x balenie smotana 12 % (konzumná) (200 g),
,1 x malý kus zemiaky neskoré (60 g),
,,
,,
,,
92.,Šalát z koreňovej zeleniny a quinoy,
,15 min.,
,Postup prípravy:,
,"Postrúhajte na strúhadle zeler, mrkvu a cviklu najemno. Pridajte špenát a cibuľku. Posypte semienkami,",
,"dochuťte soľou, lahôdkovým droždím, rascou, majoránkou, nori vločkami (podľa chuti) a olivovým olejom.",
,"Premiešajte s povarenou quinoou. Ak recept uvádza, pridajte natrhané vajíčko uvarené na tvrdo (v prípade, že recept",
,"uvádza len vaječný bielok, konzumujte len ten). Ak recept uvádza, polejte dresingom.",
,,
,INGREDIENCIE,
,9 a 1⁄2 PL quinoa (95 g),
,3 kus vaječný bielok (99 g),
,2 ČL konopné semienka lúpané napr. Bio Nebio (7 g),
,2 ČL sezamové semená (6 g),
,10 g lahôdkové droždie,
,1 a 1⁄2 ČL ľanové semená (4.5 g),
,1⁄2 ČL olivový olej (2.5 g),
,1⁄2 ks mrkva (42.5 g),
,1 x kus (40 cm) jarná cibuľka (44 g),
,1⁄2 x malý kus červená repa (cvikla) (25 g),
,1⁄2 x priemerný kus zeler buľvový (25 g),
,1 a 1⁄2 miska objem (300 ml) špenát (30 g),
,Ďalšie ingrediencie:,
,"Nori vločky, himalájska soľ, majoránka, rasca (ak na prísady nie ste alergická)",
,,
,,
,,
93.,Paprikáš,
,40 min.,
,Postup prípravy:,
,Cibuľu nakrájajte na drobno a osmažte v hrnci s olejom do zlatista. Pridajte na kocky nakrájané mäso a osmažte ho.,
,"Podlejte mäso, pridajte soľ, čierne korenie a mletú papriku (podľa chuti) a poduste. Podávajte s uvarenou prílohou. V",
,prípade prípravy viacerých porcií rovnomerne prenásobte ingrediencie. Konzumujte so zeleninou.,
,,
,INGREDIENCIE,
,215 g morčacie prsia bez kostí,
,3 x väčšia naberačka ryža lúpaná (varená) (180 g),
,1 PL repkový olej rafinovaný (12 g),
,1 x stredne veľká cibuľa (75 g),
,1 ks paprika zeleninová (75 g),
,1 a 1⁄2 miska objem (300 ml) ľadový šalát (120 g),
,Ďalšie ingrediencie: ,
,"mletá paprika, soľ, čierne korenie (ak na prísady nie ste alergická)",
,,
,,
,,
94.,Bryndzová nátierka so zeleninou a pečivom,
,10 min.,
,Postup prípravy:,
,"Bryndzu rozšľahajte spolu s jogurtom (alebo cottage cheese, podľa toho ako uvádza recept). Pridajte nakrájanú cibuľu",
,"(pažítku), pretlačený uvarený vaječný bielok a štipku červenej papriky. Hotovú nátierku rovnomerne rozotrite na",
,pečivo a konzumujte spolu so zeleninou. Môžete si pripraviť väčšie množstvo nátierky a konzumovať ju napríklad,
,nasledujúci deň (stačí rovnomerne prenásobiť množstvo jednotlivých ingrediencií v nátierke) pričom použijete vždy,
,len pre Vás odporúčané množstvo.,
,,
,INGREDIENCIE,
,2 x krajec chlieb celozrnný ražný (ideálne kváskový) (100 g),
,70 g bryndza plnotučná napr. Tami,
,3 kus vaječný bielok (99 g),
,1 a 1⁄2 x kus (40 cm) jarná cibuľka (66 g),
,1 a 1⁄2 PL jogurt sójový biely BIO napr. SOJADE (30 g),
,2 ks reďkovka (34 g),
,1⁄2 ks paprika biela (29 g),
,Ďalšie ingrediencie:,
,"zeleninová soľ, červená paprika, medvedí cesnak natrhajte do syru, vňať, pažítka (ak na prísady nie ste alergická)",
,,
,,
,,
95.,Caesar šalát s jogurtom,
,20 min.,
,Postup prípravy:,
,"Na suchej panvici opražte na kocky nakrájané pečivo. Keď ste s krutónmi spokojný, presypte ich do misky. Ak sa vám",
,"zdá, že je pečiva veľa, zvyškom môžete šalát zajedať. Mäso umyte, osoľte, okoreňte a nakrájajte na kocky. Na",
,"panvicu pridajte olej a do rozpáleného oleja dajte opiecť mäso. Pred dokončením k mäsu pridajte aj nakrájaný cesnak,",
,"chute sa tak lepšie spoja. Medzitým si pripravte jednoduchú zálievku - do misky dajte jogurt (prípadne smotanu),",
,"citrón, sójovú omáčku, a ak recept uvádza aj horčicu. Všetko spolu premiešajte. Na tanieri servírujte umytý šalát,",
,"posypte krutónmi a opečeným mäsom. Pokvapkajte pripravenou zálievkou, a ak recept uvádza, posypte",
,parmezánom.,
,,
,INGREDIENCIE,
,1 a 1⁄2 x krajec chlieb rascový (75 g),
,1 a 1⁄2 PL olivový olej (18 g),
,115 g kuracie prsia bez kostí,
,"5 PL jogurt biely (max. 0,3 % tuku) (100 g)",
,1⁄2 miska objem (300 ml) ľadový šalát (40 g),
,1⁄2 x PL sójová omáčka (5.5 g),
,1⁄2 strúčik cesnak (1.5 g),
,1⁄2 x PL šťava citrónová (6 g),
,Ďalšie ingrediencie:,
,"soľ, čierne mleté korenie (ak na prísady nie ste alergická)",
,,
,,
,,
96.,"Špargľový šalát s cottage cheese, cícerom a avokádom",
,20 min.,
,Postup prípravy:,
,"Špargľu umyte, vysušte a uložte na plech vystlaný papierom na pečenie. Pripravenú špargľu osoľte, okoreňte a pečte",
,"15 minút pri 170 stupňoch. Upečenú špargľu podávajte so šunkou, cottage cheese, cícerom a avokádom nakrájaným",
,nadrobno.,
,,
,INGREDIENCIE,
,1 x balenie cottage cheese biely napr. Rajo (180 g),
,6 a 1⁄2 x PL cícer varený (123.5 g),
,45 g avokádo,
,13 a 1⁄2 x kus (25 cm dĺžka) špargľa (283.5 g),
,"3 x plátok priemer 14,5 cm morčacia šunka (54 g)",
,Ďalšie ingrediencie:,
,"štipka morskej soli, mleté čierne korenie, cesnakové korenie (ak na prísady nie ste alergická)",
,,
,,
,,
97.,Hubová nátierka s pečivom a zeleninou,
,25 min.,
,Postup prípravy:,
,"Očistite si huby, papriku, cesnak a cibuľku (ak uvádza recept). Nakrájajte ich na malé kúsky. Na panvicu dajte olivový",
,"olej, na ktorom najprv osmažte cibuľku s cesnakom a potom pridajte papriky a nakoniec hríby. Osmažte, a keď sú",
,"huby zlaté, pridajte soľ. Restovanú zmes nechajte chvíľu vychladnúť a rozmixujte ju tak, aby v nej ostali aj kúsky. K",
,"si želáte pripraviť nátierku na viac dní, množstvá jednotlivých ingrediencií vynásobte počtom porcií.",
,,
,INGREDIENCIE,
,215 x g cottage cheese,
,1 a 1⁄2 x krajec chlieb celozrnný ražný (ideálne kváskový) (75 g),
,175 g pečiarka poľná/šampiňóny,
,1 ČL olivový olej (5 g),
,1⁄2 ks paprika žltá (37.5 g),
,1⁄2 x kus (40 cm) jarná cibuľka (22 g),
,1⁄2 ks paprika zelená (37.5 g),
,1⁄2 ks paprika biela (29 g),
,1⁄2 strúčik cesnak (1.5 g),
,Ďalšie ingrediencie:,
,"soľ, mleté čierne korenie (ak na prísady nie ste alergická)",
,,
,,
,,
98.,Šošovicový šalát s tofu,
,20 min.,
,Postup prípravy:,
,"Červenú šošovicu uvarte v osolenej vode. Nakrájajte tofu a hrozno, a nastrúhajte červenú kapustu. Z medu, oleja a",
,"prelisovaného cesnaku pripravte zálievku. Všetky ingrediencie spolu zmiešajte a podávajte. Ak recept uvádza, polejte",
,dresingom.,
,,
,INGREDIENCIE,
,80 g šošovica červená,
,125 g tofu biele,
,1 a 1⁄2 ČL olivový olej extra panenský (lisovaný za studena) (7.5 g),
,3 x bobuľa hrozno (24 g),
,50 g kapusta hlávková červená,
,1⁄2 ČL med včelí (3.5 g),
,1 x miska rukola (17 g),
,1 strúčik cesnak (3 g),
,,
,,
,,
99.,Marinovaná pečená zelenina s parmezánom,
,40 min.,
,Postup prípravy:,
,"Zeler nakrájajte na hranolčeky a dajte ho krátko blanšírovať. Keď jemne zmäkne, zlejte vodu a pomiešajte ho v",
,"marináde, ktorú si pripravíte. Na marinádu potrebujete olivový olej, balzamiko, soľ a čierne korenie. Poriadne v tom",
,"zeler premiešajte a dajte do rúry na maximum alebo aj na gril, bude to rýchlejšie. Počkajte, kým zeler chytí zlatistú",
,"farbu. Kým sa zeler pečie, pripravte cuketu - nakrájajte ju na kolieska, poukladajte na papier na pečenie, pokvapkajte",
,"olejom a upečte dozlata. Tesne pred koncom pečenia ju posoľte, posypte parmezánom a odstavte. Servírujte so",
,"zelerovými hranolčekmi, mrkvou a namáčajte do jogurtového dipu (vymiešaný jogurt so sójovou omáčkou, kvapkou",
,oleja a citrónom - podľa chuti).,
,,
,INGREDIENCIE,
,8 x ČL parmezán (40 g),
,8 PL jogurt bielkovinový napr. Skyr Pilos (160 g),
,2 ks mrkva (170 g),
,290 g cuketa (cukina),
,1 ČL olivový olej (5 g),
,2 x priemerný kus zeler buľvový (100 g),
,2 a 1⁄2 x PL sójová omáčka (27.5 g),
,1⁄2 PL balsamico kalamata napr. (Papadimitriou) (5 g),
,Ďalšie ingrediencie:,
,"štipka soli, čierne korenie, pár kvapiek citrónovej šťavy (ak na prísady nie ste alergická)",
,,
,,
,,
100.,Losos so šampiňónovou omáčkou a prílohou,
,25 min.,
,Postup prírpavy:,
,"Lososa umyte, osušte, osoľte. Opečte na oleji z oboch strán asi 5 minút a dajte na tanier. Poduste nadrobno nakrájanú",
,"cibuľu a na plátky nakrájané očistené, umyté šampiňóny. Pokvapkajte citrónovou šťavou. Potom zalejte smotanou a",
,krátko povarte. Omáčkou polejte lososa. Konzumujte s prílohou.,
,,
,INGREDIENCIE,
,140 g losos obyčajný,
,3 a 1⁄2 x väčšia naberačka zemiaky neskoré (210 g),
,1 ČL olivový olej (5 g),
,1 a 1⁄2 PL sójová smotana BIO napr. PROVAMEL (18 g),
,4 ks šampiňóny čerstvé (104 g),
,1⁄2 x stredne veľká cibuľa (37.5 g),
,Ďalšie ingrediencie:,
,"citrónová šťava, štipka soli (ak na prísady nie ste alergická)",
,,
,,
,,
101.,Tekvicové lečo,
,30 min.,
,Postup prípravy:,
,"Na panvici zohrejte olej. Všetku zeleninu očistite, nakrájajte na požadované kúsky a dajte restovať. Keď trochu",
,"zmäkne podlejte ju ešte pohárom vody. Ochuťte soľou, čiernym mletým korením, majoránkou, prípadne podľa chuti",
,"môžete pridať aj chilli. Podávajte s vajíčkom uvareným na tvrdo (alebo cottage syrom) a pokiaľ recept uvádza, tak aj s",
,"pečivom alebo ryžou. Ak recept uvádza samostatne vaječný bielok, vajce klasicky uvarte na tvrdo a k leču pridajte už",
,len uvedenú porciu bielku.,
,,
,INGREDIENCIE,
,1 a 1⁄2 balenie cottage cheese biely (270 g),
,"1 a 1⁄2 väčšia naberačka ryža varená napr. basmati, Vitana (90 g)",
,1⁄2 x priemerný kus tekvica (125 g),
,2 kus vaječný bielok (66 g),
,1 ks paprika žltá (75 g),
,1⁄2 ČL olivový olej (2.5 g),
,1 x kus (40 cm) jarná cibuľka (44 g),
,1 ks paprika červená (75 g),
,1⁄2 strúčik cesnak (1.5 g),
,Ďalšie ingrediencie:,
,"štipka soli, čierne mleté korenie, majoránka, chilli (ak na prísady nie ste alergická)",
,,
,,
,,
102.,Brokolica so syrom so zelerovými hranolčekmi,
,60 min.,
,Postup prípravy:,
,"Zeler a zemiaky ošúpte a nakrájajte na hranolčeky, poukladajte na plech vystlaný papierom na pečenie. Osoľte,",
,"okoreňte a posypte drvenou rascou podľa chuti, pokvapkajte olejom. Dajte piecť na 200 stupňov asi 35 - 40 minút.",
,Brokolicu rozoberte na ružičky. Vložte do hrnca s vriacou vodou a nechajte chvíľku povariť (alebo poduste na,
,"pare). Preceďte a nechajte vychladnúť. Do misy nastrúhajte syr a pridajte vychladenú brokolicu, ktorú pred tým",
,roztlačte vidličkou. Premiešajte. Šálky vytrite olejom a posypte strúhankou alebo krupicou. Naplňte šálky. Naplnené,
,šálky popritláčajte a znovu jemne posypte strúhankou. Takto pripravené šálky poukladajte na plech a vložte do,
,"vyhriatej rúry. Pečte približne 45 minút pri 200 stupňoch, kým vrch nie je jemne hnedý. Kým sa zmes pečie",
,nastrúhajte si uhorku na požadovanú veľkosť a vmiešajte do jogurtu. Zmes osoľte a okoreňte. Keď je brokolica so,
,"syrom hotová, kraje jemne uvoľnite nožom a vyklopte, pridajte hranolčeky a potrite jogurtovým dipom.",
,,
,INGREDIENCIE,
,"110 g tvrdý syr 20 %, napr. Madeland",
,35 g strúhanka,
,1 x malý kus zemiaky neskoré (60 g),
,1 ČL olivový olej (5 g),
,95 g brokolica,
,"4 PL jogurt biely (max. 0,3 % tuku) (80 g)",
,1⁄2 x priemerný kus zeler buľvový (25 g),
,30 g uhorky,
,Ďalšie ingrediencie:,
,"soľ, čierne mleté korenie, drvená rasca (ak na prísady nie ste alergická)",
,,
,,
,,
103.,Špenátové lievance s kuracím mäsom,
,20 min.,
,Postup prípravy:,
,"Kuracie prsia nakrájajte na kúsky a ugrilujte na panvici. Keď sú hotové, prikryte ich, aby nevychladli. Všetky suroviny",
,"na špenátové lievance (špenát, vločky, bielky, jogurt) spolu zmixujte v mixéri čo najviac dohladka. Následne cesto",
,dávkujte na rozohriatu panvicu do tvaru lievancov a každý lievanec opekajte zhruba 1 minútu z každej strany.,
,,
,INGREDIENCIE,
,6 PL ovsené vločky (66 g),
,110 g kuracie prsia bez kostí,
,"4 PL jogurt biely (min. 3,5 % tuku) (80 g)",
,3 x veľkosť M slepačí bielok (111 g),
,1 ČL olivový olej (5 g),
,2 miska objem (300 ml) špenát (40 g),
,,
,,
,,
104.,Hydinový guláš,
,25 min.,
,Postup prípravy:,
,"Zeleninu a huby očistite, opláchnite, prípadne olúpte. Pór nakrájajte na kolieska. Mrkvu po dĺžke rozkrojte a",
,nakrájajte na štvrtiny. Šampiňóny prekrojte napolovicu. Mäso pokrájajte na menšie kocky. Na panvici rozpálte olej,
,"(maslo) a mäso sprudka orestujte. Pridajte pripravenú zeleninu, nakrájané jablká na kocky (ak uvádza recept) a všetko",
,za občasného miešania duste asi 10 minút. Jedlo osoľte a okoreňte jemne pálivou paprikou. Smotanu zrieďte 3,
,lyžicami vody a podlejte guláš. Prikryjte a nechajte dusiť.,
,,
,INGREDIENCIE,
,105 g kuracie prsia bez kostí,
,110 g mrazený hrášok,
,1 a 1⁄2 x menší kus jablká (157.5 g),
,1 a 1⁄2 x čajová lyžička živočíšne maslo (10.5 g),
,5 x kus pečiarka poľná/šampiňóny (130 g),
,1 a 1⁄2 PL sójová smotana BIO napr. PROVAMEL (18 g),
,1 ks mrkva (85 g),
,"1⁄2 x (10cm dĺžka, 10 cm obvod) pór (34.5 g)",
,Ďalšie ingrediencie:,
,"štipka soli, pálivá paprika, bylinková soľ (ak na prísady nie ste alergická)",
,,
,,
,,
105.,Kelový prívarok,
,50 min.,
,Postup prípravy:,
,"Kel pokrájajte, zalejte primerane vodou, dochuťte soľou a rascou a nechajte variť. Zemiaky (ak sú v recepte uvedené)",
,"nakrájajte na kocky a pridajte ku kelu. Pred dovarením, ku kelu pridajte soľ, podľa chuti mletú sladkú červenú papriku",
,"a múku (alebo škrob, pokiaľ tak uvádza recept). Nechajte povariť, pokým prívarok nezhustne. Medzitým si očistite a",
,"nakrájajte mäso. Na tuku opražte cesnak a pridajte kúsky mäsa. Dochuťte soľou, mletým čiernym korením, prípadne",
,bylinkami. Keď sa mäso zatiahne podlejte ho vodou a nechajte dusiť (môžete použiť aj vodu z prívarku). Mäso,
,konzumujte spolu s prívarkom.,
,,
,INGREDIENCIE,
,140 g kuracie prsia bez kostí,
,4 x PL kukuričný škrob (36 g),
,2 a 1⁄2 ČL olivový olej (12.5 g),
,220 g kel hlávkový,
,1 strúčik cesnak (3 g),
,Ďalšie ingrediencie:,
,"soľ, korenie, bylinky, mletá červená paprika sladká (ak na prísady nie ste alergická)",
,,
,,
,,
106.,Fazuľový šalát s jogurtovým dipom,
,20 min.,
,Postup prípravy:,
,"Fazuľu namočte na 24 hodín, vložte do novej vody a povarte domäkka. V prípade fazule z konzervy ju použite bez",
,"varenia. K fazuli primiešajte paradajky a cibuľku pokrájanú na kocky. Biely jogurt rozmiešajte s rozotretým cesnakom,",
,"dochutťte soľou, pridajte k fazuľovej zmesi spolu s umytou rukolou. Posypte semienkami a nakrájaným uvareným",
,vajíčkom.,
,,
,INGREDIENCIE,
,375 g červené fazuľky v konzerve napr. Bonduelle,
,1 x ks vajce na tvrdo (55 g),
,2 ČL sezamové semená (6 g),
,4 PL jogurt sójový biely BIO napr. SOJADE (80 g),
,1⁄2 ks rajčiny (37.5 g),
,2 miska objem (300 ml) rukola (34 g),
,1⁄2 x kus (40 cm) jarná cibuľka (22 g),
,1⁄2 strúčik cesnak (1.5 g),
,Ďalšie ingrediencie:,
,štipka soli (ak na prísady nie ste alergická),
,,
,,
,,
107.,Čevabčiči,
,40 min.,
,Postup prípravy:,
,"Mäso zmiešajte so strúhankou, okoreňte a osoľte. Mäso sformujte do guličiek veľkosti golfovej loptičky, uložte na",
,"plech a vložte do rúry. Mäsové guličky pečte 30 minút pri teplote 180 stupňov. Podávajte s uvarenými zemiakmi,",
,nakrájanou cibuľou a horčicou.,
,,
,INGREDIENCIE,
,"115 g hovädzie mäso mleté (tepelne upravené), 85 % chudé/15 % tuk",
,3 ČL strúhanka (30 g),
,1 a 1⁄2 x väčšia naberačka zemiaky neskoré varené (90 g),
,1 x stredne veľká cibuľa (75 g),
,4 (8 cm) ks uhorky zavárané kyslé (136 g),
,1 x ČL horčica plnotučná (9 g),
,Ďalšie ingrediencie:,
,"soľ, čierne korenie (ak na prísady nie ste alergická)",
,,
,,
,,
108.,Quinoa s dusenou brokolicou a slnečnicovými semienkami,
,30 min.,
,Postup prípravy:,
,"Quinou povarte, medzitým poduste brokolicu. Keď je quinoa mäkká, preceďte, dajte do misky, k nej pridajte nadrobno",
,"nakrájanú brokolicu, olivový olej a vajíčko uvarené na tvrdo (pokiaľ ho máte v recepte uvedené). Posypte",
,"semienkami. Dochuťte. Ak recept uvádza, polejte dresingom.",
,,
,INGREDIENCIE,
,5 a 1⁄2 PL quinoa (55 g),
,2 x ks vajce na tvrdo (110 g),
,250 g brokolica,
,1 ČL olivový olej (5 g),
,1⁄2 ČL slnečnicové semená (2 g),
,"Ďalšie ingrediencie: majorán, bylinky a korenie (ak na prísady nie ste alergická)",
,,
,,
,,
109.,Tekvicová nátierka s pečivom a zeleninou,
,20 min.,
,Postup prípravy:,
,"Rúru predhrejte na 180  ̊C. Tekvicu nakrájajte na kocky, cibuľu (ak uvádza recept) rozkrojte na polovicu a nakrájajte",
,"na pásiky. Tekvicu a cibuľku dajte na plech, okoreňte, polejte olivovým olejom a dajte zapiecť na 15 - 20 minút alebo",
,"kým nie je tekvica mäkká. Rozmixujte spolu s fazuľou do hladka. Fazuľu namočte pred varením na 12 hodín,",
,"opláchnite a následne varte približne hodinu, kým nie je mäkká. Pokiaľ použijete fazuľu z konzervy, nezabudnite ju",
,predtým poriadne opláchnuť. Pridajte šťavu z pomaranča a ešte chvíľku mixujte. Nakoniec ešte ochuťte. Podávajte,
,"vychladené s pečivom a nakrájanou zeleninou. Pokiaľ si želáte pripraviť nátierku na viac dní, množstvá jednotlivých",
,ingrediencií vynásobte počtom porcií.,
,,
,INGREDIENCIE,
,65 g fazuľa biela napr. ALBERT BIO,
,190 x g tekvica Hokkaido,
,1 krajec chlieb celozrnný (50 g) ,
,1 a 1⁄2 ČL olivový olej (7.5 g),
,1⁄2 x 100 ml šťava pomarančová (50 g),
,1 miska objem (300 ml) ľadový šalát (80 g),
,Ďalšie ingrediencie:,
,"kari korenie, mletá rasca, chilli (ak na prísady nie ste alergická)",
,,
,,
,,
110.,Šošovicová polievka s kokosovým mliekom,
,30 min,
,Postup prípravy:,
,"Polievku pripravte podľa receptu uvedeného nižšie. Podávajte s kúskom pečiva alebo nasucho opraženým cícerom,",
,podľa toho ako máte uvedené.,
,,
,Postup prípravy - Šošovicová polievka s kokosovým mliekom:,
,Do väčšieho hrnca dajte šošovicu a prelisovaný cesnak. Pridajte vodu a polievku priveďte k varu. Následne do polievky pridajte koreniny podľa,
,"chuti: garam masala korenie, zázvorové korenie, kari, kurkumu, soľ. Varte prikryté približne 10 minút. Po 10 minútach, keď šošovica dostatočne zmäkla, ",
,pridajte do polievky kokosové mlieko a nechajte ju ešte raz prevrieť. ,
,,
,INGREDIENCIE,
,2 a 1⁄2 x hrnček Šošovicová polievka s kokosovým mliekom (625 g),
,4 x PL cícer v konzerve (80 g),
,,
,INGREDIENCIE - Šošovicová polievka s kokosovým mliekom,
,300 g šošovica červená,
,"4 dl kokosové mlieko (krém, smotana) so zníženým množstvom tuku (400 g)",
,15 dl voda pitná (1500 g),
,2 strúčik cesnak (6,
,Ďalšie ingrediencie:,
,"garam masala korenie, zázvorové korenie, kari, kurkuma, soľ (ak na prísady nie ste alergická)",
,,
,,
,,
111.,Pečený sumec so zeleninovými plátkami,
,40 min.,
,Postup prípravy:,
,"Očistite zeleninu a nakrájajte ju na tenšie plátky. Tie poukladajte na dno olejom pomasteného pekáča, osoľte a",
,"okoreňte. Sumca umyte a položte na zeleninu. Pokvapkajte ho citrónom, osoľte a podľa chuti pridajte bylinky",
,"(medovka, tymián). Na sumca môžete na záver poukladať ešte plátky citróna. Pečte vo vyhriatej rúre pri 180°C cca",
,"25 – 30 minút. Plech zakryte papierom na pečenie alebo alobalom, aby sa ryba nevysušila a zostala šťavnatá.",
,,
,INGREDIENCIE,
,180 g sumček africký,
,2 a 1⁄2 x stredne veľký petržlen (150 g),
,1 x stredný kus zemiaky skoré (90 g),
,2 ks mrkva (170 g),
,1 ČL repkový olej rafinovaný (5 g),
,1⁄2 kus citróny (60 g),
,Ďalšie ingrediencie:,
,"soľ, čierne mleté korenie, medovka, tymián (ak na prísady nie ste alergická)",
,,
,,
,,
112.,Šalát tuniakový s dressingom,
,10 min.,
,Postup prípravy:,
,"Tuniakový šalát s dressingom okorenený ľubovoľným korením a štipkou zeleninovej soli. Pokiaľ recept uvádza,",
,"konzumujte spolu s varenými zemiakmi v šupke, cícerom alebo pečivom.",
,,
,Postup prípravy - Bazalkový dressing:,
,"Do nádoby dajte jogurt, lístky bazalky a prelisovaný cesnak. Pridajte citrónovú šťavu, cmar a olivový olej. Dochuťte soľou, mletým čiernym korením a",
,rozmixujte.,
,,
,INGREDIENCIE,
,1 a 1⁄2 x krajec chlieb celozrnný pšeničný “graham” (75 g),
,2 a 1⁄2 x malá konzerva tuniak vo vlastnej šťave (140 g),
,5 a 1⁄2 porcia bazalkový dressing (110 g) ,
,1 ks rajčiny (75 g),
,1⁄2 x stredne veľká cibuľa (37.5 g),
,2 x miska rukola (34 g),
,,
,INGREDIENCIE - Bazalkový dressing,
,"1⁄2 150 g balenie jogurt biely (min. 3,5 % tuku) (75 g)",
,1⁄2 x kus citróny (60 g),
,1 PL olivový olej (12 g),
,1 ČL cmar (4 g),
,1⁄2 strúčik cesnak (1.5 g),
,Ďalšie ingrediencie:,
,"balzamiko, zeleninová soľ, korenie (ak na prísady nie ste alergická)",
,,
,,
,,
113.,Omeleta s ovčou bryndzou,
,10 min.,
,Postup prípravy:,
,"Bryndzu rozmiešajte v mlieku, zašľahajte k nim vaječné bielky spolu so žltkami (len v prípade, že tak uvádza recept).",
,Na panvici si rozohrejte tuk a zmes na ňu vylejte. Omeletu osoľte a zakryté pečte asi 2 - 3 minúty. Následne otočte a,
,"pridajte syr (len v prípade, že tak uvádza recept), pečte ešte 1 minútu. Konzumujte spolu s uvedenou zeleninou a",
,"chlebom (len v prípade, že tak uvádza recept).",
,,
,INGREDIENCIE,
,50 g bezkvasové pečivo napr. Maces,
,2 a 1⁄2 dl mlieko polotučné (250 g),
,30 g syr ovčia bryndza,
,3 x ks vaječný bielok (99 g),
,1 ČL olivový olej (5 g),
,1 ks uhorky (300 g),
,1⁄2 ks rajčiny (37.5 g),
,1 ks reďkovka (17 g),
,Ďalšie ingrediencie:,
,soľ (ak na prísady nie ste alergická),
,,
,,
,,
114.,Pečivo s baklažánovou nátierkou a syrom,
,25 min.,
,Postup prípravy:,
,Baklažánovú nátierku pripravte podľa návodu (môžete jej spraviť viac a konzumovať aj nasledujúci deň). Nátierku,
,rovnomerne rozotrite na pečivo a konzumujte spolu so syrom.,
,,
,Postup prípravy - Baklažánová nátierka:,
,"Baklažán umyte, očistite, olúpte a nakrájajte na drobné kocky. Teflónovú panvicu premastite olejom. Kocky baklažánu poduste v zakrytej panvici",
," pri strednej teplote asi 15 min do mäkka, občas premiešajte. Medzitým očistite a umyte jarnú cibuľku a pokrájajte ju nadrobno. Papriku očistite, umyte a",
,"nakrájajte na malé kocky. Baklažán nahrubo roztlačte vidličkou a pokvapkajte citrónovou šťavou. Cesnak ošúpte, roztlačte a pridajte ku zmesi. Vmiešajte",
," jarnú cibuľku, papriku a ovsené otruby. Baklažánový krém dochuťte korením a zeleninovou soľou.",
,,
,INGREDIENCIE,
,2 x krajec chlieb celozrnný pšeničný (ideálne kváskový) (100 g),
,1 x balenie cottage cheese s pažitkou (200 g),
,2 a 1⁄2 x porcia baklažánová nátierka (137.5 g) ,
,,
,INGREDIENCIE - Baklažánová nátierka,
,1⁄2 x kus baklažán (195 g),
,1⁄2 PL olivový olej (6 g),
,1⁄2 x kus (40 cm) jarná cibuľka (22 g),
,1⁄2 ks paprika červená (37.5 g),
,15 g otruby ovsené,
,1⁄2 strúčik cesnak (1.5 g),
,,
,,
,,
115.,Špenátová polievka,
,15 min.,
,Postup prípravy:,
,"Špenát vložte do malého množstva vriacej osolenej vody a povarte 10 minút. Na tuku/oleji/masle speňte cibuľu,",
,"pridajte múku a pripravte svetlú zápražku. Zalejte vývarom zo špenátu, mliekom a vodou. Pridajte prelisovaný",
,"cesnak, zeleninovú soľ, špenát a znovu povarte 5 minút. Podľa chuti okoreňte.Tesne pred ukončením varenia v",
,polievke rozmiešajte rozšľahané vajíčko. Konzumujte s pečivom (ak uvádza recept).,
,,
,INGREDIENCIE,
,2 x krajec chlieb celozrnný pšeničný (ideálne kváskový) (100 g),
,1 a 1⁄2 ks slepačie vajce (82.5 g),
,1⁄2 PL ghee maslo (8.5 g),
,11 miska objem (300 ml) špenát (220 g),
,5 g múka cícerová napr. Provita,
,1⁄2 x stredne veľká cibuľa (37.5 g),
,1⁄2 dl kokosový nápoj (50 g),
,1⁄2 strúčik cesnak (1.5 g),
,Ďalšie ingrediencie:,
,"štipka zeleninovej soli, čierne korenie (ak na prísady nie ste alergická)",
,,
,,
,,
116.,Paprikovo-cuketová nátierka s pečivom,
,40 min.,
,Postup prípravy:,
,Nátierku je praktickejšie si pripraviť vopred na viac porcií. Množstvá jednotlivých ingrediencií vynásobte počtom,
,porcií. Na olivovom oleji si dozlata opražte cibuľu (ak ju uvádza recept). Pridajte na kocky nakrájané papriky a,
,"opekajte 10 minút alebo kým trošku nezmäknú. Medzitým si nakrájte cuketu, paradajky a jablko, ktoré potom pridajte",
,k opečeným paprikám. Opekajte na prudkom plameni 10 minút a potom pridajte bobkový list. Zmes na miernom,
,"plameni nechajte dusiť 10 − 20 minút alebo kým sa nevytvorí hustá konzistencia. Nakoniec zmes osoľte, okorenťe a",
,pridajte med. Ešte 5 minút povarte. Nakoniec vyberte bobkový list a všetko rozmixujte na jemnú hustú kašu.,
,Podávajte vychladené s pečivom a syrom.,
,,
,INGREDIENCIE,
,"85 g tvrdý syr 20 %, napr. Madeland",
,1 a 1⁄2 x krajec chlieb celozrnný ražný (ideálne kváskový) (75 g),
,1 a 1⁄2 ČL olivový olej (7.5 g),
,1 a 1⁄2 ČL med včelí (10.5 g),
,1⁄2 x menší kus jablká (52.5 g),
,125 x g cuketa (cukina),
,1⁄2 ks rajčiny (37.5 g),
,1⁄2 ks paprika červená (37.5 g),
,Ďalšie ingrediencie:,
,"soľ, bobkový list, mleté čierne korenie, chilli (ak na prísady nie ste alergická)",
,,
,,
,,
117.,Poľný šalát s melónom a kuracími prsiami,
,20 min.,
,Postup prípravy:,
,"Kuracie prsia umyte a osušte. Potom do mäsa vtriete soľ, čierne korenie a mletú papriku (podľa chuti). V panvici",
,rozohrejte olej a mäso z oboch strán asi 3 minúty dobre prepečte. Vyberte z panvice a nechajte odkvapkať na,
,papierovej utierke. Upečené mäso nechajte vychladnúť. Melón zbavte jadierok a nakrájajte ho a šťavu zachyťte.,
,"Cibuľku pokrájajte na kolieska. Paradajky umyte, osušte a pokrájajte na mesiačiky. Poľný šalát očistite a prepláchnite.",
,"Kuracie prsia nakrájajte na tenké plátky. Z melónovej štavy, medu, oleja a octu pripravte dresing. Osoľte ho",
,a okoreňte. Šalát servírujte na tanieri a pokvapkajte ho dressingom.,
,,
,INGREDIENCIE,
,145 g kuracie prsia bez kostí,
,160 x g žltý melón,
,1 PL med včelí (18 g),
,1⁄2 PL olivový olej (6 g),
,1⁄2 PL ľanový olej lisovaný za studena (6 g),
,1 ks rajčiny/paradajky (75 g),
,1 x kus (40 cm) jarná cibuľka (44 g),
,30 g polníček,
,1⁄2 x PL vínny ocot (7.5 g),
,Ďalšie ingrediencie:,
,"štipka soli, štipka korenia, mletá sladká paprika (ak na prísady nie ste alergická)",
,,
,,
,,
118.,Nadýchaná vajíčková omeleta,
,10 min.,
,Postup prípravy:,
,"Všetky suroviny okrem zeleniny a pečiva zmiešajte v miske, dochuťte soľou a čiernym mletým korením a opečte na",
,"troche oleja z oboch strán na panvici. Zmes môžete dochutiť podľa chuti chilli korením. Konzumujte so zeleninou,",
,prípadne pečivom (len ak uvádza recept).,
,,
,INGREDIENCIE,
,6 kus knäckebrot (60 g),
,2 ks slepačie vajce (110 g),
,2 ks vaječný bielok (66 g),
,2 a 1⁄2 ks paprika zelená (187.5 g),
,"1⁄2 dl mlieko polotučné 1,5 % (50 g)",
,1⁄2 ČL olivový olej (2.5 g),
,1⁄2 ks uhorky (150 g),
,2 a 1⁄2 miska objem (300 ml) špenát (50 g),
,Ďalšie ingrediencie:,
,"soľ, čierne mleté korenie, chilli (ak na prísady nie ste alergická)",
,,
,,
,,
119.,Sardinkovo-vajíčková nátierka s pečivom,
,10 min.,
,Postup prípravy:,
,"Uvarte vajíčka natvrdo. Ryby roztlačte vidličkou, cibuľu (ak uvádza recept) pokrájajte najemno. Všetko zmiešajte",
,spolu. K nátierke môžete pridať kečup alebo horčicu. Osoľte. Konzumujte s pečivom a zeleninou. Pokiaľ si želáte,
,"pripraviť nátierku na viac dní, množstvá jednotlivých ingrediencií vynásobte počtom porcií.",
,,
,INGREDIENCIE,
,2 x krajec chlieb celozrnný ražný (ideálne kváskový) (100 g),
,140 x g sardinky vo vlastnej šťave,
,1 a 1⁄2 ks vajce na tvrdo (82.5 g),
,3 ks cherry paradajky (36 g),
,Ďalšie ingrediencie:,
,"soľ, (ak na prísady nie ste alergická)",
,,
,,
,,
120.,Kapustový šalát s cottage cheese,
,10 min.,
,Postup prípravy:,
,Vo woku alebo hlbšej panvici zohrejte olej a zľahka na ňom opražte na prúžky nasekanú cibuľu. Pridajte nadrobno,
,"nakrájanú špargľu (ak uvádza recept), sójovú omáčku, okoreňte a za stáleho miešania duste 5 minút. Následne",
,"panvicu odstavte z plameňa, pridajte do nej natenko nakrájanú červenú kapustu, cottage cheese.",
,,
,Postup prípravy - Chlieb kukuričný (Írsky bez mlieka a kvasníc):,
,"Vo väčšej miske zmiešajte kukuričnú múku, soľ (1 PL), cukor, sódu bikarbónu 1 ČL až PL. V strede zmesi si urobte jamku, do ktorej nalejete vodu.",
,"Jemne miešajte, kým Vám nevznikne lepivá hmota. Cesto vytvarujte do bochníka a dajte piecť do zapekacej misy vystlanej papierom na pečenie.",
, Ostrým nožom bochník narežte a posypte múkou. Pečte v rúre pri 180 stupňoch približne 1 hodinu.,
,,
,INGREDIENCIE,
,1 a 1⁄2 balenie cottage cheese biely (270 g),
,1 a 1⁄2 x krajec chlieb kukuričný (írsky bez kvasníc a mlieka) (75 g),
,175 g kapusta hlávková červená,
,1 ČL olivový olej (5 g),
,2 a 1⁄2 x PL sójová omáčka (27.5 g),
,1 x kus (40 cm) jarná cibuľka (44 g),
,2 x kus (25 cm dĺžka) špargľa (42 g),
,,
,INGREDIENCIE - Chlieb kukuričný (Írsky bez kvasníc a mlieka),
,450 g kukuričná múka (polenta instantná),
,500 ml voda pitná (500 g),
,1 PL trstinový cukor (15 g),
,Ďalšie ingrediencie:,
,"štipka morskej soli, mleté čierne korenie, cesnakové korenie (ak na prísady nie ste alergická)",
,,
,,
,,
121.,Jogurtový šalát s mäsom,
,15 min.,
,Postup prípravy:,
,"Mäso nakrájajte na rezance, posypte grilovacím korením a opečte na oleji. Osoľte až na konci, aby mäso zostalo",
,"šťavnaté. Hotové mäso zmiešajte s nakrájanou zeleninou zaliatou jogurtom. Ak je to v recepte uvedené, pridajte aj",
,"cícer. Ak sú Vám uhorky na večeru ""ťažké"", vynechajte ich z receptu a pridajte viac inej zeleniny, ideálne listovej.",
,,
,INGREDIENCIE,
,6 a 1⁄2 x PL cícer varený (123.5 g),
,140 g morčacie prsia bez kostí,
,1 PL olivový olej (12 g),
,3 PL jogurt biely živý napr. Tami (60 g),
,2 ks rajčiny (150 g),
,1⁄2 ks uhorky (150 g),
,1⁄2 miska objem (300 ml) ľadový šalát (40 g),
,Ďalšie ingrediencie:,
,"grilovacie korenie, bylinky, balzamiko - podľa chuti (ak na prísady nie ste alergická)",
,,
,,
,,
122.,Šalát tuniakový,
,10 min.,
,Postup prípravy:,
,"Tuniakový šalát okorenený ľubovoľným korením a štipkou zeleninovej soli. Pokiaľ recept uvádza, konzumujte spolu s",
,"varenými zemiakmi v šupke, cícerom alebo pečivom.",
,,
,INGREDIENCIE,
,2 x krajec chlieb celozrnný pšeničný (ideálne kváskový) (100 g),
,2 a 1⁄2 x malá konzerva tuniak vo vlastnej šťave (140 g),
,1 PL olivový olej (12 g),
,1 ks rajčiny (75 g),
,2 miska objem (300 ml) špenát napr. Chef menu (40 g),
,1⁄2 x kus (40 cm) jarná cibuľka (22,
,Ďalšie ingrediencie:,
,"balzamiko, zeleninová soľ, korenie (ak na prísady nie ste alergická)",
,,
,,
,,
123.,"Šalát (rukola, paradajka, reďkovka) s mäsom",checked
,10 min.,
,Postup prípravy:,
,"Šalát s kuracími kúskami, okorenený štipkou zeleninovej soli a pokvapkaný balzamikom a kvalitným olejom alebo",
,"posypaný ľanovými semienkami, orechami (podľa toho, ako uvádza recept). Pokiaľ recept uvádza, konzumujte spolu s",
,"varenými zemiakmi v šupke, cícerom alebo pečivom. Ak recept uvádza, polejte dresingom.",
,,
,Postup prípravy - Bylinkový dressing:,
,"Všetky ingrediencie vložte mixéra a mixujte, kým sa dobre nespoja. Ochuťte podľa chuti.",
,,
,INGREDIENCIE,
,1 a 1⁄2 x krajec chlieb celozrnný pšeničný (ideálne kváskový) (75 g),
,150 g morčacie prsia bez kostí,
,80 g bylinkový dresing ,
,2 a 1⁄2 ks rajčiny (187.5 g),
,6 ks reďkovka (102 g),
,1 a 1⁄2 x miska rukola (25.5 g),
,,
,INGREDIENCIE - Bylinkový dressing,
,2 PL olivový olej (24 g),
,1 balenie grécky jogurt napr. Bakoma (180 g),
,1 strúčik cesnak (3 g),
,1 kus citróny (120 g),
,Ďalšie ingrediencie:,
,"balzamiko - podľa chuti, zeleninová soľ, bylinky (ak na prísady nie ste alergická)",